"","IdCandidato","CanNombre","ParNombre","Idpartido","Votos"
"1",1,"ALVARO IGNACIO IGUARAN URIANA","AUTORIDAD TRADICIONAL CASIYOUREN",1,1408
"2",2,"HILDUARA DIANSNETH BARLIZA BRITO","AUTORIDAD TRADICIONAL CASIYOUREN",1,2578
"3",3,"SOLO POR EL PARTIDO","AUTORIDAD TRADICIONAL CASIYOUREN",1,902
"4",4,"ADOLFO ANTONIO ORDOÑEZ CHADID","COALICIÓN LISTA DE LA DECENCIA (ASI,UP,MAIS)",2,11911
"5",5,"ADOLFO CAICEDO CORDOBA","COALICIÓN LISTA DE LA DECENCIA (ASI,UP,MAIS)",2,378
"6",6,"AIDA YOLANDA AVELLA ESQUIVEL","COALICIÓN LISTA DE LA DECENCIA (ASI,UP,MAIS)",2,57330
"7",7,"ALBA LUZ GONZALEZ MARTINEZ","COALICIÓN LISTA DE LA DECENCIA (ASI,UP,MAIS)",2,2975
"8",8,"ALBERTO CHAVARRO DIAZ","COALICIÓN LISTA DE LA DECENCIA (ASI,UP,MAIS)",2,169
"9",9,"ALBERTO LUIS DONADO BELTRAN","COALICIÓN LISTA DE LA DECENCIA (ASI,UP,MAIS)",2,151
"10",10,"ALFREDO GUZMAN FERIS","COALICIÓN LISTA DE LA DECENCIA (ASI,UP,MAIS)",2,487
"11",11,"ALICIA CHAVES RUIZ","COALICIÓN LISTA DE LA DECENCIA (ASI,UP,MAIS)",2,456
"12",12,"ALVARO EGEA RAMIREZ","COALICIÓN LISTA DE LA DECENCIA (ASI,UP,MAIS)",2,710
"13",13,"ANIBAL DE JESUS CORREA MARIÑO","COALICIÓN LISTA DE LA DECENCIA (ASI,UP,MAIS)",2,1783
"14",14,"ARMANDO VILLEGAS CENTENO","COALICIÓN LISTA DE LA DECENCIA (ASI,UP,MAIS)",2,722
"15",15,"BELLA ROSA REALES PERTUZ","COALICIÓN LISTA DE LA DECENCIA (ASI,UP,MAIS)",2,495
"16",16,"BLANCA ESPERANZA GONZALEZ SOSA","COALICIÓN LISTA DE LA DECENCIA (ASI,UP,MAIS)",2,514
"17",17,"CARLOS ARTURO MARTINEZ BERMUDEZ","COALICIÓN LISTA DE LA DECENCIA (ASI,UP,MAIS)",2,1676
"18",18,"CARLOS EDUARDO TORO AVILA","COALICIÓN LISTA DE LA DECENCIA (ASI,UP,MAIS)",2,9994
"19",19,"CARLOS HUMBERTO RUIZ RAMIREZ","COALICIÓN LISTA DE LA DECENCIA (ASI,UP,MAIS)",2,798
"20",20,"CESAR ROBERTO MONTAÑA GARCIA","COALICIÓN LISTA DE LA DECENCIA (ASI,UP,MAIS)",2,913
"21",21,"CRISTOBAL PADILLA TEJEDA","COALICIÓN LISTA DE LA DECENCIA (ASI,UP,MAIS)",2,8977
"22",22,"DAVID JARAMILLO MEDINA","COALICIÓN LISTA DE LA DECENCIA (ASI,UP,MAIS)",2,6347
"23",23,"DAYSURIS JUDITH MADERA MACEA","COALICIÓN LISTA DE LA DECENCIA (ASI,UP,MAIS)",2,206
"24",24,"DEYBIS ASMED RUA SALINAS","COALICIÓN LISTA DE LA DECENCIA (ASI,UP,MAIS)",2,379
"25",25,"DIEGO EDIXON KARACHAS RODRIGUEZ SEGURA","COALICIÓN LISTA DE LA DECENCIA (ASI,UP,MAIS)",2,8323
"26",26,"EDITH YOLIMA GONZALEZ BEDOYA","COALICIÓN LISTA DE LA DECENCIA (ASI,UP,MAIS)",2,257
"27",27,"EDNA RUTH BECERRA HERNANDEZ","COALICIÓN LISTA DE LA DECENCIA (ASI,UP,MAIS)",2,350
"28",28,"FAUSTINO NAVARRO DE LAS AGUAS","COALICIÓN LISTA DE LA DECENCIA (ASI,UP,MAIS)",2,264
"29",29,"FELIX RAFAEL MEZA CARDENAS","COALICIÓN LISTA DE LA DECENCIA (ASI,UP,MAIS)",2,537
"30",30,"FERNANDO GARCIA CACERES","COALICIÓN LISTA DE LA DECENCIA (ASI,UP,MAIS)",2,572
"31",31,"FERNANDO GUZMAN MOLINA","COALICIÓN LISTA DE LA DECENCIA (ASI,UP,MAIS)",2,1074
"32",32,"FRANCISCO DELELIS ZUMAQUE GOMEZ","COALICIÓN LISTA DE LA DECENCIA (ASI,UP,MAIS)",2,5175
"33",33,"FREDDY ABELARDO CASTRO VICTORIA","COALICIÓN LISTA DE LA DECENCIA (ASI,UP,MAIS)",2,887
"34",34,"GERARDO DE JESUS VANEGAS ALZATE","COALICIÓN LISTA DE LA DECENCIA (ASI,UP,MAIS)",2,5002
"35",35,"GLORIA EDITH OSPINA REYES","COALICIÓN LISTA DE LA DECENCIA (ASI,UP,MAIS)",2,165
"36",36,"GLORIA INES FLOREZ SCHNEIDER","COALICIÓN LISTA DE LA DECENCIA (ASI,UP,MAIS)",2,13103
"37",37,"GLORIA INES VALENCIA BOHORQUEZ","COALICIÓN LISTA DE LA DECENCIA (ASI,UP,MAIS)",2,214
"38",38,"GONZALO ERNESTO DIAZ MURILLO","COALICIÓN LISTA DE LA DECENCIA (ASI,UP,MAIS)",2,1287
"39",39,"GUSTAVO BOLIVAR MORENO","COALICIÓN LISTA DE LA DECENCIA (ASI,UP,MAIS)",2,120009
"40",40,"HERMES ANTONIO ÑAÑEZ MUÑOZ","COALICIÓN LISTA DE LA DECENCIA (ASI,UP,MAIS)",2,1092
"41",41,"JHON ALEXANDER BERMUDEZ PACHON","COALICIÓN LISTA DE LA DECENCIA (ASI,UP,MAIS)",2,520
"42",42,"JHON CHARLES COBOS CASTELLANOS","COALICIÓN LISTA DE LA DECENCIA (ASI,UP,MAIS)",2,1173
"43",43,"JHON HENRY SANCHEZ CHAPARRO","COALICIÓN LISTA DE LA DECENCIA (ASI,UP,MAIS)",2,530
"44",44,"JOHN FABIO PRADA SUAREZ","COALICIÓN LISTA DE LA DECENCIA (ASI,UP,MAIS)",2,1454
"45",45,"JONATAN TAMAYO PEREZ","COALICIÓN LISTA DE LA DECENCIA (ASI,UP,MAIS)",2,14716
"46",46,"JOSE ALIRIO DUARTE ALVAREZ","COALICIÓN LISTA DE LA DECENCIA (ASI,UP,MAIS)",2,377
"47",47,"JOSE DARIO LOPEZ DAZA","COALICIÓN LISTA DE LA DECENCIA (ASI,UP,MAIS)",2,1405
"48",48,"JOSE GERMAN CARDONA CORTES","COALICIÓN LISTA DE LA DECENCIA (ASI,UP,MAIS)",2,298
"49",49,"JOSE LURDUY ORTEGON","COALICIÓN LISTA DE LA DECENCIA (ASI,UP,MAIS)",2,616
"50",50,"JOSE RAMIRO BECERRA STERLING","COALICIÓN LISTA DE LA DECENCIA (ASI,UP,MAIS)",2,2077
"51",51,"JUAN FELIPE ORTIZ CAICEDO","COALICIÓN LISTA DE LA DECENCIA (ASI,UP,MAIS)",2,464
"52",52,"LILIA CLEMENCIA SOLANO RAMIREZ","COALICIÓN LISTA DE LA DECENCIA (ASI,UP,MAIS)",2,2590
"53",53,"LUCAS GIL IBARGUEN","COALICIÓN LISTA DE LA DECENCIA (ASI,UP,MAIS)",2,188
"54",54,"LUIS ALBERTO YACE","COALICIÓN LISTA DE LA DECENCIA (ASI,UP,MAIS)",2,3170
"55",55,"LUZ DARY FIERRO RAMIREZ","COALICIÓN LISTA DE LA DECENCIA (ASI,UP,MAIS)",2,327
"56",56,"LUZ MARINA BERNAL PARRA","COALICIÓN LISTA DE LA DECENCIA (ASI,UP,MAIS)",2,6047
"57",57,"MANUEL ANTONIO BEDOYA HOLGUIN","COALICIÓN LISTA DE LA DECENCIA (ASI,UP,MAIS)",2,1651
"58",58,"MARIA ALCIRA DIAZ FORERO","COALICIÓN LISTA DE LA DECENCIA (ASI,UP,MAIS)",2,948
"59",59,"MARIA FERNANDA GARCIA ARROYAVE","COALICIÓN LISTA DE LA DECENCIA (ASI,UP,MAIS)",2,484
"60",60,"MARIA SUSANA MUHAMAD GONZALEZ","COALICIÓN LISTA DE LA DECENCIA (ASI,UP,MAIS)",2,9477
"61",61,"MARIELA CHAPARRO GUERRERO","COALICIÓN LISTA DE LA DECENCIA (ASI,UP,MAIS)",2,982
"62",62,"MARIELA PUERTO ALVAREZ","COALICIÓN LISTA DE LA DECENCIA (ASI,UP,MAIS)",2,5792
"63",63,"MAXIMO JOSE NORIEGA RODRIGUEZ","COALICIÓN LISTA DE LA DECENCIA (ASI,UP,MAIS)",2,5662
"64",64,"NASSER ABDIS SALAM BAYONA","COALICIÓN LISTA DE LA DECENCIA (ASI,UP,MAIS)",2,581
"65",65,"NESTOR GARCIA BUITRAGO","COALICIÓN LISTA DE LA DECENCIA (ASI,UP,MAIS)",2,2144
"66",66,"OLMEDO DE JESUS LOPEZ MARTINEZ","COALICIÓN LISTA DE LA DECENCIA (ASI,UP,MAIS)",2,6574
"67",67,"OMAR GUILLERMO OTERO MARCHENA","COALICIÓN LISTA DE LA DECENCIA (ASI,UP,MAIS)",2,178
"68",68,"ORLANDO SALCEDO MOYA","COALICIÓN LISTA DE LA DECENCIA (ASI,UP,MAIS)",2,3337
"69",69,"OSWALDO WILFREDO HUETIO PRIETO","COALICIÓN LISTA DE LA DECENCIA (ASI,UP,MAIS)",2,787
"70",70,"PEDRO ESQUIVEL AREVALO","COALICIÓN LISTA DE LA DECENCIA (ASI,UP,MAIS)",2,713
"71",71,"RAFAEL ANTONIO BALLEN MOLINA","COALICIÓN LISTA DE LA DECENCIA (ASI,UP,MAIS)",2,3222
"72",72,"RAFAEL MOTTA MALDONADO","COALICIÓN LISTA DE LA DECENCIA (ASI,UP,MAIS)",2,8408
"73",73,"RAUL FERNANDO JARAMILLO GUZMAN","COALICIÓN LISTA DE LA DECENCIA (ASI,UP,MAIS)",2,1004
"74",74,"RICARDO MANTILLA GALVIS","COALICIÓN LISTA DE LA DECENCIA (ASI,UP,MAIS)",2,724
"75",75,"ROBERTO ARROYAVE JARAMILLO","COALICIÓN LISTA DE LA DECENCIA (ASI,UP,MAIS)",2,2993
"76",76,"ROSARIO PINTO SILET","COALICIÓN LISTA DE LA DECENCIA (ASI,UP,MAIS)",2,732
"77",77,"RUBIELA MORANTES DELGADO","COALICIÓN LISTA DE LA DECENCIA (ASI,UP,MAIS)",2,1440
"78",78,"SANDRA GILMA PALACIOS DE HERNANDEZ","COALICIÓN LISTA DE LA DECENCIA (ASI,UP,MAIS)",2,285
"79",79,"SANTIAGO DE  JESUS COSSIO DIAZ","COALICIÓN LISTA DE LA DECENCIA (ASI,UP,MAIS)",2,744
"80",80,"SOLO POR EL PARTIDO","COALICIÓN LISTA DE LA DECENCIA (ASI,UP,MAIS)",2,135298
"81",81,"TARSICIO MORA GODOY","COALICIÓN LISTA DE LA DECENCIA (ASI,UP,MAIS)",2,7174
"82",82,"TATIANA PIÑEROS LAVERDE","COALICIÓN LISTA DE LA DECENCIA (ASI,UP,MAIS)",2,5434
"83",83,"TERESA DE JESUS MUÑOZ LOPERA","COALICIÓN LISTA DE LA DECENCIA (ASI,UP,MAIS)",2,2230
"84",84,"VICTOR ALBERTO PEREZ CIFUENTES","COALICIÓN LISTA DE LA DECENCIA (ASI,UP,MAIS)",2,522
"85",85,"YOLANDA UNI JIMENEZ","COALICIÓN LISTA DE LA DECENCIA (ASI,UP,MAIS)",2,170
"86",86,"YORMARY DIAZ URUEÑA","COALICIÓN LISTA DE LA DECENCIA (ASI,UP,MAIS)",2,1248
"87",87,"SOLO POR EL PARTIDO","G.S.C. COLOMBIA JUSTA LIBRES",3,452149
"88",88,"SOLO POR EL PARTIDO","G.S.C. SI SE PUEDE",4,12916
"89",89,"SOLO POR EL PARTIDO","G.S.C. UNIÓN CON FORTALEZA",5,32829
"90",90,"FELICIANO VALENCIA MEDINA","MOVIMIENTO ALTERNATIVO INDÍGENA Y SOCIAL - MAIS",6,31026
"91",91,"LENA YANINA ESTRADA ASITO","MOVIMIENTO ALTERNATIVO INDÍGENA Y SOCIAL - MAIS",6,3627
"92",92,"LUIS EVELIS ANDRADE CASAMA","MOVIMIENTO ALTERNATIVO INDÍGENA Y SOCIAL - MAIS",6,20016
"93",93,"SOLO POR EL PARTIDO","MOVIMIENTO ALTERNATIVO INDÍGENA Y SOCIAL - MAIS",6,18180
"94",94,"AIDA PETRONA SUAREZ SANTOS","MOVIMIENTO AUTORIDADES INDÍGENAS DE COLOMBIA",7,3934
"95",95,"EDUARDO ALBERTO ESTRADA REINA","MOVIMIENTO AUTORIDADES INDÍGENAS DE COLOMBIA",7,13281
"96",96,"MANUEL BITERVO PALCHUCAN CHINGAL","MOVIMIENTO AUTORIDADES INDÍGENAS DE COLOMBIA",7,15433
"97",97,"SOLO POR EL PARTIDO","MOVIMIENTO AUTORIDADES INDÍGENAS DE COLOMBIA",7,5673
"98",98,"SOLO POR EL PARTIDO","MOVIMIENTO INDÍGENA AMBIENTAL MIA",8,2247
"99",99,"FREDY ALFONSO IZQUIERDO MEJIA","MOVIMIENTO POLÍTICO SOBERANÍA",9,784
"100",100,"MARCO GREGORIO GALEANO VILLERA","MOVIMIENTO POLÍTICO SOBERANÍA",9,507
"101",101,"SAMUEL TUMBO","MOVIMIENTO POLÍTICO SOBERANÍA",9,12326
"102",102,"SOLO POR EL PARTIDO","MOVIMIENTO POLÍTICO SOBERANÍA",9,1656
"103",103,"ALEX ADOLFO PATIÑO RODRIGUEZ","MOVIMIENTO TODOS SOMOS COLOMBIA ""TSC""",10,1795
"104",104,"AMAURY DE JESUS BLOOM PUPO","MOVIMIENTO TODOS SOMOS COLOMBIA ""TSC""",10,1026
"105",105,"ANA CECILIA GARCIA SANCHEZ","MOVIMIENTO TODOS SOMOS COLOMBIA ""TSC""",10,38
"106",106,"ANA MILENA GONZALEZ VANEGAS","MOVIMIENTO TODOS SOMOS COLOMBIA ""TSC""",10,295
"107",107,"ANGEL RAFAEL GARRIDO OTERO","MOVIMIENTO TODOS SOMOS COLOMBIA ""TSC""",10,1152
"108",108,"ANTONIO JOSE PABON PEDRAZA","MOVIMIENTO TODOS SOMOS COLOMBIA ""TSC""",10,98
"109",109,"AYDEE CUERO MARTINEZ","MOVIMIENTO TODOS SOMOS COLOMBIA ""TSC""",10,397
"110",110,"BEATRIZ ELENA RESTREPO VELASQUEZ","MOVIMIENTO TODOS SOMOS COLOMBIA ""TSC""",10,617
"111",111,"BERTHA JOSEFA PEÑARANDA PEREZ","MOVIMIENTO TODOS SOMOS COLOMBIA ""TSC""",10,237
"112",112,"CARLOS ALBERTO SANTACOLOMA","MOVIMIENTO TODOS SOMOS COLOMBIA ""TSC""",10,750
"113",113,"CARLOS DANIEL PARRA SUAREZ","MOVIMIENTO TODOS SOMOS COLOMBIA ""TSC""",10,335
"114",114,"CARMEN ROSA BERMUDEZ BONILLA","MOVIMIENTO TODOS SOMOS COLOMBIA ""TSC""",10,250
"115",115,"CARMENZA MORENO VIUCHE","MOVIMIENTO TODOS SOMOS COLOMBIA ""TSC""",10,135
"116",116,"CESAR EUGENIO FORTICH PALENCIA","MOVIMIENTO TODOS SOMOS COLOMBIA ""TSC""",10,377
"117",117,"DIANA PAOLA ALARCON SEVILLANO","MOVIMIENTO TODOS SOMOS COLOMBIA ""TSC""",10,2148
"118",118,"ELIAS ROMAN CASTAÑO PINEDA","MOVIMIENTO TODOS SOMOS COLOMBIA ""TSC""",10,421
"119",119,"ELIZABETH MARIA CUESTA MARMOL","MOVIMIENTO TODOS SOMOS COLOMBIA ""TSC""",10,148
"120",120,"EMERITA DEL CARMEN BECERRA CASTILLO","MOVIMIENTO TODOS SOMOS COLOMBIA ""TSC""",10,1590
"121",121,"ESPERANZA ORTIZ SANTOS","MOVIMIENTO TODOS SOMOS COLOMBIA ""TSC""",10,299
"122",122,"EULALIA CASTRO PARRADO","MOVIMIENTO TODOS SOMOS COLOMBIA ""TSC""",10,54
"123",123,"FABIAN ALEXIS ZAPATA SANCHEZ","MOVIMIENTO TODOS SOMOS COLOMBIA ""TSC""",10,19
"124",124,"FARITH CASTRO QUINTERO","MOVIMIENTO TODOS SOMOS COLOMBIA ""TSC""",10,56
"125",125,"FRANCISCO HARBEY VARGAS VIVAS","MOVIMIENTO TODOS SOMOS COLOMBIA ""TSC""",10,236
"126",126,"FREDY HUMBERTO SARMIENTO PERILLA","MOVIMIENTO TODOS SOMOS COLOMBIA ""TSC""",10,26
"127",127,"GARYN RICARDO PACHON ATUESTA","MOVIMIENTO TODOS SOMOS COLOMBIA ""TSC""",10,385
"128",128,"GENARO ANTONIO GRACIA SUAREZ","MOVIMIENTO TODOS SOMOS COLOMBIA ""TSC""",10,858
"129",129,"GIOVANNY SANTOS AGUILAR","MOVIMIENTO TODOS SOMOS COLOMBIA ""TSC""",10,857
"130",130,"GLORIA MARIA RODRIGUEZ DE RUIZ","MOVIMIENTO TODOS SOMOS COLOMBIA ""TSC""",10,119
"131",131,"GUILLERMO DANIEL RODRIGUEZ BONILLA","MOVIMIENTO TODOS SOMOS COLOMBIA ""TSC""",10,352
"132",132,"GUILLERMO ENRIQUE GONZALEZ OCHOA","MOVIMIENTO TODOS SOMOS COLOMBIA ""TSC""",10,1563
"133",133,"HECTOR AUGUSTO LORDUY GARCIA","MOVIMIENTO TODOS SOMOS COLOMBIA ""TSC""",10,115
"134",134,"HECTOR AUGUSTO ROJAS CASTAÑO","MOVIMIENTO TODOS SOMOS COLOMBIA ""TSC""",10,971
"135",135,"HECTOR LOTERO ZULUAGA","MOVIMIENTO TODOS SOMOS COLOMBIA ""TSC""",10,329
"136",136,"HELMER RAMIRO SILVA RODRIGUEZ","MOVIMIENTO TODOS SOMOS COLOMBIA ""TSC""",10,1103
"137",137,"HILBER OSWALDO RODRIGUEZ DELGADO","MOVIMIENTO TODOS SOMOS COLOMBIA ""TSC""",10,109
"138",138,"HORACIO VARGAS VALENCIA","MOVIMIENTO TODOS SOMOS COLOMBIA ""TSC""",10,642
"139",139,"INSCRIPCIÓN REVOCADA C.N.E. RES. No. 223-2018","MOVIMIENTO TODOS SOMOS COLOMBIA ""TSC""",10,178
"140",140,"JOHN RICARDO LONDOÑO PIEDRAHITA","MOVIMIENTO TODOS SOMOS COLOMBIA ""TSC""",10,353
"141",141,"JORGE ANTONIO MONTENEGRO BOHORQUEZ","MOVIMIENTO TODOS SOMOS COLOMBIA ""TSC""",10,185
"142",142,"JORGE ISAAC ARAMBURO GARCIA","MOVIMIENTO TODOS SOMOS COLOMBIA ""TSC""",10,374
"143",143,"JORGE JAVIER PERDOMO VASQUEZ","MOVIMIENTO TODOS SOMOS COLOMBIA ""TSC""",10,503
"144",144,"JORGE LUIS GOMEZ NIETO","MOVIMIENTO TODOS SOMOS COLOMBIA ""TSC""",10,413
"145",145,"JOSE ANTONIO SIERRA OQUENDO","MOVIMIENTO TODOS SOMOS COLOMBIA ""TSC""",10,502
"146",146,"JOSE ARON CASAS BEITAR","MOVIMIENTO TODOS SOMOS COLOMBIA ""TSC""",10,643
"147",147,"JOSE LEOPOLDO ANGULO SUAREZ","MOVIMIENTO TODOS SOMOS COLOMBIA ""TSC""",10,357
"148",148,"JOSE MARIA SILVA PEDRAZA","MOVIMIENTO TODOS SOMOS COLOMBIA ""TSC""",10,326
"149",149,"JOSE ORLANDO FIGUEROA OSPINA","MOVIMIENTO TODOS SOMOS COLOMBIA ""TSC""",10,133
"150",150,"JOSE RAMON BENAVIDES MARIN","MOVIMIENTO TODOS SOMOS COLOMBIA ""TSC""",10,83
"151",151,"JUAN RUFINO SANTOS VALENCIA","MOVIMIENTO TODOS SOMOS COLOMBIA ""TSC""",10,920
"152",152,"LEONARDO COTACACHI ESPINOSA","MOVIMIENTO TODOS SOMOS COLOMBIA ""TSC""",10,104
"153",153,"LESLIE JOSE LOPEZ HURTADO","MOVIMIENTO TODOS SOMOS COLOMBIA ""TSC""",10,115
"154",154,"LUIS ALBERTO MANIOS VANEGAS","MOVIMIENTO TODOS SOMOS COLOMBIA ""TSC""",10,470
"155",155,"LUIS ALBERTO NUÑEZ ANDRADE","MOVIMIENTO TODOS SOMOS COLOMBIA ""TSC""",10,180
"156",156,"LUIS CARLOS ORDOÑEZ PEREZ","MOVIMIENTO TODOS SOMOS COLOMBIA ""TSC""",10,2039
"157",157,"LUIS HUMBERTO CONTRERAS RINCON","MOVIMIENTO TODOS SOMOS COLOMBIA ""TSC""",10,168
"158",158,"MARIA CONSUELO FERNANDEZ DE MEDINA","MOVIMIENTO TODOS SOMOS COLOMBIA ""TSC""",10,43
"159",159,"MARIA CRISTINA GRANADOS VELASQUEZ","MOVIMIENTO TODOS SOMOS COLOMBIA ""TSC""",10,95
"160",160,"MARIA DEL PILAR RESTREPO ESTERLING","MOVIMIENTO TODOS SOMOS COLOMBIA ""TSC""",10,212
"161",161,"MARIA IDALI ESPINOSA GOMEZ","MOVIMIENTO TODOS SOMOS COLOMBIA ""TSC""",10,27
"162",162,"MARIA JOSEFA PEREZ","MOVIMIENTO TODOS SOMOS COLOMBIA ""TSC""",10,132
"163",163,"MARIA RITA MEJIA REYNEL","MOVIMIENTO TODOS SOMOS COLOMBIA ""TSC""",10,143
"164",164,"MARINO SANCHEZ AGUILAR","MOVIMIENTO TODOS SOMOS COLOMBIA ""TSC""",10,821
"165",165,"MARLENE PUENTES JARAMILLO","MOVIMIENTO TODOS SOMOS COLOMBIA ""TSC""",10,142
"166",166,"MARY INES GARCIA SALAZAR","MOVIMIENTO TODOS SOMOS COLOMBIA ""TSC""",10,144
"167",167,"MAURICIO ALBERTO SALAZAR GUEVARA","MOVIMIENTO TODOS SOMOS COLOMBIA ""TSC""",10,173
"168",168,"MAURICIO VELOSA AREVALO","MOVIMIENTO TODOS SOMOS COLOMBIA ""TSC""",10,608
"169",169,"MILQUIADES HERNANDEZ MARTINEZ","MOVIMIENTO TODOS SOMOS COLOMBIA ""TSC""",10,466
"170",170,"NELSON MAURICIO NAVARRO VARGAS","MOVIMIENTO TODOS SOMOS COLOMBIA ""TSC""",10,90
"171",171,"NESTOR JAIME LOZANO MURILLO","MOVIMIENTO TODOS SOMOS COLOMBIA ""TSC""",10,61
"172",172,"NULBER DE JESUS CASTAÑO VASQUEZ","MOVIMIENTO TODOS SOMOS COLOMBIA ""TSC""",10,1785
"173",173,"OFELIA VELA ZAMORA","MOVIMIENTO TODOS SOMOS COLOMBIA ""TSC""",10,100
"174",174,"OLGA LUCIA CARREÑO YOMAYUSA","MOVIMIENTO TODOS SOMOS COLOMBIA ""TSC""",10,197
"175",175,"PABLO EMILIO DIAZ LARA","MOVIMIENTO TODOS SOMOS COLOMBIA ""TSC""",10,190
"176",176,"PAULA BIBIANA NARVAEZ RODRIGUEZ","MOVIMIENTO TODOS SOMOS COLOMBIA ""TSC""",10,79
"177",177,"PEDRO HERNANDO JOSE LESMES MONTENEGRO","MOVIMIENTO TODOS SOMOS COLOMBIA ""TSC""",10,94
"178",178,"RAFAEL HUMBERTO VILLAMIZAR APONTE","MOVIMIENTO TODOS SOMOS COLOMBIA ""TSC""",10,733
"179",179,"RAUL BALLESTEROS PRIETO","MOVIMIENTO TODOS SOMOS COLOMBIA ""TSC""",10,229
"180",180,"RICARDO EMERAMO BARRERO FERNANDEZ","MOVIMIENTO TODOS SOMOS COLOMBIA ""TSC""",10,376
"181",181,"ROBERTO MARIO CAICEDO BANGUERA","MOVIMIENTO TODOS SOMOS COLOMBIA ""TSC""",10,696
"182",182,"ROSA NATIVIDAD ARIAS ARIZA","MOVIMIENTO TODOS SOMOS COLOMBIA ""TSC""",10,218
"183",183,"SANDRA PATRICIA VELEZ SANTA","MOVIMIENTO TODOS SOMOS COLOMBIA ""TSC""",10,278
"184",184,"SILVIO GUILLERMO LOPEZ CHAVES","MOVIMIENTO TODOS SOMOS COLOMBIA ""TSC""",10,224
"185",185,"SOLO POR EL PARTIDO","MOVIMIENTO TODOS SOMOS COLOMBIA ""TSC""",10,17176
"186",186,"TITO ALONSO ORTIZ ZARATE","MOVIMIENTO TODOS SOMOS COLOMBIA ""TSC""",10,434
"187",187,"VICTOR MIGUEL PEREZ PULIDO","MOVIMIENTO TODOS SOMOS COLOMBIA ""TSC""",10,615
"188",188,"WALTER VIDES OCHOA","MOVIMIENTO TODOS SOMOS COLOMBIA ""TSC""",10,193
"189",189,"WILSON RUEDA BARON","MOVIMIENTO TODOS SOMOS COLOMBIA ""TSC""",10,689
"190",190,"YESMID YANETH RESTREPO CADENA","MOVIMIENTO TODOS SOMOS COLOMBIA ""TSC""",10,154
"191",191,"YON JAIRO RAMIREZ PINZON","MOVIMIENTO TODOS SOMOS COLOMBIA ""TSC""",10,430
"192",192,"ANTONIO MARTIN ALMAZO ACOSTA","PARTIDO ALIANZA SOCIAL INDEPENDIENTE",11,5856
"193",193,"ATI SEYGUNDIBA QUIGUA IZQUIERDO","PARTIDO ALIANZA SOCIAL INDEPENDIENTE",11,6521
"194",194,"FANY KUIRU CASTRO","PARTIDO ALIANZA SOCIAL INDEPENDIENTE",11,3022
"195",195,"SOLO POR EL PARTIDO","PARTIDO ALIANZA SOCIAL INDEPENDIENTE",11,6638
"196",196,"ADRIANA MARIA REINA SANCHEZ","PARTIDO ALIANZA VERDE",12,1059
"197",197,"AKEMI SOFIA RAVE HERNANDEZ","PARTIDO ALIANZA VERDE",12,1381
"198",198,"ALFREDO BENAVIDES CASTILLEJO","PARTIDO ALIANZA VERDE",12,426
"199",199,"ALFREDO ENRIQUE VILLADIEGO LORA","PARTIDO ALIANZA VERDE",12,5790
"200",200,"ANA EBELIA GAMEZ FIGUEREDO","PARTIDO ALIANZA VERDE",12,500
"201",201,"ANDREA PATRICIA PEÑA VASQUEZ","PARTIDO ALIANZA VERDE",12,919
"202",202,"ANGELICA LISBETH LOZANO CORREA","PARTIDO ALIANZA VERDE",12,105514
"203",203,"ANTONIO ERESMID SANGUINO PAEZ","PARTIDO ALIANZA VERDE",12,21714
"204",204,"ANTONIO JOSE ANDRADE ARRIAGA","PARTIDO ALIANZA VERDE",12,2579
"205",205,"ARGEMIRO BURBANO ORTIZ","PARTIDO ALIANZA VERDE",12,3428
"206",206,"ARLEY FERNANDO GOMEZ HERNANDEZ","PARTIDO ALIANZA VERDE",12,10171
"207",207,"AURA ISABEL GRANADA SANCHEZ","PARTIDO ALIANZA VERDE",12,4869
"208",208,"AURELIJUS RUTENIS ANTANAS MOCKUS SIVICKAS","PARTIDO ALIANZA VERDE",12,548858
"209",209,"BLANCA YULIMA LOMBANA GONZALEZ","PARTIDO ALIANZA VERDE",12,2386
"210",210,"CARMEN PATRICIA CASTELLANOS CASTELLANOS","PARTIDO ALIANZA VERDE",12,368
"211",211,"CIELO AMPARO BERNAL GUARNIZO","PARTIDO ALIANZA VERDE",12,416
"212",212,"CLAUDIA ALEJANDRA TERRA GUERRA","PARTIDO ALIANZA VERDE",12,1187
"213",213,"DEICY ELENA BERMUDEZ HURTADO","PARTIDO ALIANZA VERDE",12,2004
"214",214,"DIANA MARCELA OLAYA SANCHEZ","PARTIDO ALIANZA VERDE",12,286
"215",215,"DIEGO MUÑOZ MARROQUIN","PARTIDO ALIANZA VERDE",12,5991
"216",216,"DONALDO DE JESUS GONZALEZ ROJAS","PARTIDO ALIANZA VERDE",12,1691
"217",217,"DUBET ANTONIO MUÑOZ BEDOYA","PARTIDO ALIANZA VERDE",12,2638
"218",218,"EDGAR ALBERTO POLO DEVIA","PARTIDO ALIANZA VERDE",12,4504
"219",219,"EDINSON DE JESUS MUÑOZ CIRO","PARTIDO ALIANZA VERDE",12,3139
"220",220,"EDWIN ELIAS APARICIO SIERRA","PARTIDO ALIANZA VERDE",12,4065
"221",221,"ENRIQUE BELTRAN PARDO","PARTIDO ALIANZA VERDE",12,1623
"222",222,"FABIO ALEJANDRO MARIÑO VARGAS","PARTIDO ALIANZA VERDE",12,3765
"223",223,"FERNANDO MERCHAN RAMOS","PARTIDO ALIANZA VERDE",12,5793
"224",224,"FERNANDO QUINTERO ARTURO","PARTIDO ALIANZA VERDE",12,363
"225",225,"FRANCISCO JOSE RUIZ MARMOLEJO","PARTIDO ALIANZA VERDE",12,1454
"226",226,"GABRIEL BUSTAMANTE PEÑA","PARTIDO ALIANZA VERDE",12,5109
"227",227,"GEONEY SANABRIA CABULO","PARTIDO ALIANZA VERDE",12,1209
"228",228,"GERSON ROBAYO DIAZ","PARTIDO ALIANZA VERDE",12,1833
"229",229,"GISELLA ENERIET RIOS SANCHEZ","PARTIDO ALIANZA VERDE",12,1329
"230",230,"HORACIO CORREA GARRIDO","PARTIDO ALIANZA VERDE",12,4677
"231",231,"IVAN LEONIDAS NAME VASQUEZ","PARTIDO ALIANZA VERDE",12,39791
"232",232,"JAIME ALBERTO MARTINEZ VELEZ","PARTIDO ALIANZA VERDE",12,5536
"233",233,"JAVIER ANDRES AVILA SALCEDO","PARTIDO ALIANZA VERDE",12,1497
"234",234,"JESICA MARIA MONROY CASSIANI","PARTIDO ALIANZA VERDE",12,357
"235",235,"JESUS MARIA RAMIREZ GUERRERO","PARTIDO ALIANZA VERDE",12,2658
"236",236,"JORGE EDUARDO ARBELAEZ HOYOS","PARTIDO ALIANZA VERDE",12,4202
"237",237,"JORGE EDUARDO LONDOÑO ULLOA","PARTIDO ALIANZA VERDE",12,64559
"238",238,"JORGE ELIECER GUEVARA","PARTIDO ALIANZA VERDE",12,19632
"239",239,"JORGE ELIESER PRIETO RIVEROS","PARTIDO ALIANZA VERDE",12,9804
"240",240,"JORGE ENRIQUE LANCHEROS DELGADILLO","PARTIDO ALIANZA VERDE",12,1697
"241",241,"JOSE AULO POLO NARVAEZ","PARTIDO ALIANZA VERDE",12,34386
"242",242,"JOSE BERNAL GARCIA","PARTIDO ALIANZA VERDE",12,1566
"243",243,"JOSE MAURICIO MORA RODRIGUEZ","PARTIDO ALIANZA VERDE",12,8189
"244",244,"JOSE OBERDAN MARTINEZ ROBLES","PARTIDO ALIANZA VERDE",12,1609
"245",245,"JUAN ALEJANDRO RAMIREZ RAMIREZ","PARTIDO ALIANZA VERDE",12,1789
"246",246,"JUAN BAUTISTA AMUD MARTINEZ","PARTIDO ALIANZA VERDE",12,2639
"247",247,"JUAN CARLOS BARRERA VALENCIA","PARTIDO ALIANZA VERDE",12,7830
"248",248,"JUAN LUIS CASTRO CORDOBA","PARTIDO ALIANZA VERDE",12,23498
"249",249,"JULIAN ANDRES GARCIA CORTES","PARTIDO ALIANZA VERDE",12,1353
"250",250,"LIBARDO ENRIQUE BALLESTEROS HERNANDEZ","PARTIDO ALIANZA VERDE",12,12163
"251",251,"LILI BARON ALARCON","PARTIDO ALIANZA VERDE",12,468
"252",252,"LINDSAY BRIGITTE BECERRA LEON","PARTIDO ALIANZA VERDE",12,674
"253",253,"LUIS ALFONSO ESCOBAR JARAMILLO","PARTIDO ALIANZA VERDE",12,10169
"254",254,"LUIS ARGEMIRO MALAMBO MARTINEZ","PARTIDO ALIANZA VERDE",12,1006
"255",255,"LUIS IVAN MARULANDA GOMEZ","PARTIDO ALIANZA VERDE",12,25219
"256",256,"LUISA ELENA PINEDO MARTINEZ","PARTIDO ALIANZA VERDE",12,326
"257",257,"LUZ NEILA POLO RAMIREZ","PARTIDO ALIANZA VERDE",12,281
"258",258,"MARCO ANTONIO MEJIA TORRES","PARTIDO ALIANZA VERDE",12,1607
"259",259,"MARIA DEL CARMEN CLAVIJO GOMEZ","PARTIDO ALIANZA VERDE",12,186
"260",260,"MARLENY BARRERA LOPEZ","PARTIDO ALIANZA VERDE",12,3668
"261",261,"MARTIN ALONSO ALVARADO NAVIA","PARTIDO ALIANZA VERDE",12,346
"262",262,"MAXIMINO ANTONIO RODRIGUEZ ARRIETA","PARTIDO ALIANZA VERDE",12,563
"263",263,"MIGUEL ANTONIO RODRIGUEZ HORTUA","PARTIDO ALIANZA VERDE",12,1788
"264",264,"NANCY YANETH RIAÑO CASTRO","PARTIDO ALIANZA VERDE",12,276
"265",265,"NICOLAS REINEL PICON BARRERA","PARTIDO ALIANZA VERDE",12,2926
"266",266,"ODORICO ENRIQUE GUERRA SALGADO","PARTIDO ALIANZA VERDE",12,2934
"267",267,"OSCAR ALBERTO ARENALES VERGARA","PARTIDO ALIANZA VERDE",12,750
"268",268,"OSCAR OSPINA QUINTERO","PARTIDO ALIANZA VERDE",12,11948
"269",269,"OSCAR VANEGAS ANGARITA","PARTIDO ALIANZA VERDE",12,6400
"270",270,"PASTORA ALICIA MARIN","PARTIDO ALIANZA VERDE",12,602
"271",271,"PATRICIA VALENZUELA BUITRAGO","PARTIDO ALIANZA VERDE",12,1155
"272",272,"RAFAEL GUSTAVO GUERRERO TAPIAS","PARTIDO ALIANZA VERDE",12,470
"273",273,"RAQUEL SOFIA AMAYA ARIAS","PARTIDO ALIANZA VERDE",12,1912
"274",274,"RAUL EDUARDO MOGOLLON ALFONSO","PARTIDO ALIANZA VERDE",12,1552
"275",275,"RICARDO MARIA CAÑON PRIETO","PARTIDO ALIANZA VERDE",12,6325
"276",276,"ROCIO DEL PILAR FAJARDO VARGAS","PARTIDO ALIANZA VERDE",12,210
"277",277,"SANDRA LILIANA ORTIZ NOVA","PARTIDO ALIANZA VERDE",12,27174
"278",278,"SOLARIUS TORIJANO ALFONSO","PARTIDO ALIANZA VERDE",12,1104
"279",279,"SOLO POR EL PARTIDO","PARTIDO ALIANZA VERDE",12,161497
"280",280,"SONIA ELVIRA VELOZA MOGOLLON","PARTIDO ALIANZA VERDE",12,828
"281",281,"VICTOR DEL CARMEN MONTENEGRO RUIZ","PARTIDO ALIANZA VERDE",12,2111
"282",282,"VICTOR ELIAS COPETE QUINTO","PARTIDO ALIANZA VERDE",12,1405
"283",283,"YEZID RAFAEL GARCIA ABELLO","PARTIDO ALIANZA VERDE",12,13906
"284",284,"ADRIANA PATRICIA VELEZ DUQUE","PARTIDO CAMBIO RADICAL",13,1249
"285",285,"ADRIANA SILVA ARBELAEZ","PARTIDO CAMBIO RADICAL",13,2625
"286",286,"ALEXIS CALVO SARMIENTO","PARTIDO CAMBIO RADICAL",13,12544
"287",287,"ALFONSO RAFAEL LEMAITRE SOLEIMAN","PARTIDO CAMBIO RADICAL",13,2370
"288",288,"AMPARO REY SANCHEZ","PARTIDO CAMBIO RADICAL",13,152
"289",289,"ANA DELTRUDIS BOHORQUEZ DE PINILLOS","PARTIDO CAMBIO RADICAL",13,1412
"290",290,"ANA MARIA CASTAÑEDA GOMEZ","PARTIDO CAMBIO RADICAL",13,56153
"291",291,"ANDRES FERNANDO VASQUEZ VARGAS","PARTIDO CAMBIO RADICAL",13,1316
"292",292,"ANTONIO DEL CRISTO GUERRA DE LA ESPRIELLA","PARTIDO CAMBIO RADICAL",13,54911
"293",293,"ANTONIO LUIS ZABARAIN GUEVARA","PARTIDO CAMBIO RADICAL",13,83251
"294",294,"ARIEL ANTONIO DURANGO RODRIGUEZ","PARTIDO CAMBIO RADICAL",13,1078
"295",295,"ARTURO CHAR CHALJUB","PARTIDO CAMBIO RADICAL",13,135113
"296",296,"BEATRIZ ELENA RIAÑO GARCIA","PARTIDO CAMBIO RADICAL",13,832
"297",297,"BERNABE CELIS CARRILLO","PARTIDO CAMBIO RADICAL",13,48624
"298",298,"BERTHALY VIAFARA","PARTIDO CAMBIO RADICAL",13,2133
"299",299,"BETTY DEL CARMEN RODRIGUEZ CASTILLA","PARTIDO CAMBIO RADICAL",13,1603
"300",300,"BIBIANA SENETH GIRALDO JARAMILLO","PARTIDO CAMBIO RADICAL",13,470
"301",301,"CARLOS ABRAHAM JIMENEZ LOPEZ","PARTIDO CAMBIO RADICAL",13,79258
"302",302,"CARLOS DAVID GOMEZ ESPITIA","PARTIDO CAMBIO RADICAL",13,56304
"303",303,"CARLOS EDUARDO ESPINOSA MARTINEZ","PARTIDO CAMBIO RADICAL",13,44443
"304",304,"CARLOS FERNANDO MOTOA SOLARTE","PARTIDO CAMBIO RADICAL",13,79046
"305",305,"CEFERINO MOSQUERA MURILLO","PARTIDO CAMBIO RADICAL",13,2686
"306",306,"CLAUDIA YADIRA INES RODRIGUEZ DE CASTELLANOS","PARTIDO CAMBIO RADICAL",13,66875
"307",307,"DAIRA DE JESUS GALVIS MENDEZ","PARTIDO CAMBIO RADICAL",13,74417
"308",308,"DAVID FELIPE CASTILLO CARDENAS","PARTIDO CAMBIO RADICAL",13,39981
"309",309,"DIDIER LOBO CHINCHILLA","PARTIDO CAMBIO RADICAL",13,25394
"310",310,"DONPOPO AYARA","PARTIDO CAMBIO RADICAL",13,9347
"311",311,"ECCEHOMO AYALA CARDENAS","PARTIDO CAMBIO RADICAL",13,814
"312",312,"EDGAR JESUS DIAZ CONTRERAS","PARTIDO CAMBIO RADICAL",13,81262
"313",313,"EDWIN YOBANY VIVAS PEREZ","PARTIDO CAMBIO RADICAL",13,2606
"314",314,"ELBERTO HEVEO GARZON BARRERA","PARTIDO CAMBIO RADICAL",13,1088
"315",315,"ELIZABETH CARREÑO HERNANDEZ","PARTIDO CAMBIO RADICAL",13,1101
"316",316,"ELKIN DARIO MONTOYA NAVALES","PARTIDO CAMBIO RADICAL",13,1860
"317",317,"ELLA CECILIA AYUS SANCHEZ","PARTIDO CAMBIO RADICAL",13,592
"318",318,"ERIC VON CABARCAS GOMEZ","PARTIDO CAMBIO RADICAL",13,1294
"319",319,"FABIAN GERARDO CASTILLO SUAREZ","PARTIDO CAMBIO RADICAL",13,81535
"320",320,"FELIX BIENVENIDO ARIÑO FERNANDEZ","PARTIDO CAMBIO RADICAL",13,860
"321",321,"FREDY HERNAN PEREZ","PARTIDO CAMBIO RADICAL",13,22221
"322",322,"GABRIEL ALBERTO CALLE DEMOYA","PARTIDO CAMBIO RADICAL",13,821
"323",323,"GERMAN VARON COTRINO","PARTIDO CAMBIO RADICAL",13,65562
"324",324,"GLORIA HELENA REBOLLEDO TIGREROS","PARTIDO CAMBIO RADICAL",13,2824
"325",325,"GUILLERMO LEON PALACIO VEGA","PARTIDO CAMBIO RADICAL",13,45822
"326",326,"GUSTAVO RAMIREZ OROZCO","PARTIDO CAMBIO RADICAL",13,1501
"327",327,"HAROLD GUERRERO LOPEZ","PARTIDO CAMBIO RADICAL",13,34218
"328",328,"HERNANDO PONCE PARODI","PARTIDO CAMBIO RADICAL",13,1965
"329",329,"JAIME ISRAEL GARCIA RUEDA","PARTIDO CAMBIO RADICAL",13,2489
"330",330,"JAIRO HERNANDO SALAZAR MORENO","PARTIDO CAMBIO RADICAL",13,1016
"331",331,"JENIFFER ALEXANDRA GOMEZ PEÑALOZA","PARTIDO CAMBIO RADICAL",13,700
"332",332,"JONATHAN GILDARDO NUÑEZ GUEVARA","PARTIDO CAMBIO RADICAL",13,1252
"333",333,"JORGE DAVID BARRETO RINCON","PARTIDO CAMBIO RADICAL",13,991
"334",334,"JORGE IVAN NARANJO GRISALES","PARTIDO CAMBIO RADICAL",13,2563
"335",335,"JORGE VARON RESTREPO","PARTIDO CAMBIO RADICAL",13,3893
"336",336,"JOSE ADOLFO HERRERA AGUIRRE","PARTIDO CAMBIO RADICAL",13,1480
"337",337,"JOSE ANTONIO RODRIGUEZ MONTENEGRO","PARTIDO CAMBIO RADICAL",13,3546
"338",338,"JOSE LEOMAR CORTES DELGADO","PARTIDO CAMBIO RADICAL",13,4217
"339",339,"JOSE LUIS PEREZ OYUELA","PARTIDO CAMBIO RADICAL",13,70098
"340",340,"JOSE MARIA REYES VARGAS","PARTIDO CAMBIO RADICAL",13,2390
"341",341,"JOSE OVIDIO CLAROS POLANCO","PARTIDO CAMBIO RADICAL",13,24487
"342",342,"JUAN ALFONSO FIERRO MANRIQUE","PARTIDO CAMBIO RADICAL",13,10854
"343",343,"JUAN CARLOS CLAVIJO FERNANDEZ","PARTIDO CAMBIO RADICAL",13,597
"344",344,"JUAN FRANCISCO MANTILLA MORENO","PARTIDO CAMBIO RADICAL",13,2854
"345",345,"JUAN MANUEL ARANGO VELEZ","PARTIDO CAMBIO RADICAL",13,2932
"346",346,"JULIANA MARIA ESCALANTE GARCIA","PARTIDO CAMBIO RADICAL",13,54571
"347",347,"JULIO CESAR MANCERA ACOSTA","PARTIDO CAMBIO RADICAL",13,3281
"348",348,"KAREM MILENA VERA VARGAS","PARTIDO CAMBIO RADICAL",13,1028
"349",349,"LUCY CECILIA CAHUEÑO CHAPARRO","PARTIDO CAMBIO RADICAL",13,290
"350",350,"LUIS EDUARDO DIAZ GRANADOS TORRES","PARTIDO CAMBIO RADICAL",13,112452
"351",351,"LUZ ELENA PEDROZA MUÑOZ","PARTIDO CAMBIO RADICAL",13,1061
"352",352,"LUZ MARINA CARDENAS RICO","PARTIDO CAMBIO RADICAL",13,1861
"353",353,"MARIA CLAUDIA GUTIERREZ CASAS","PARTIDO CAMBIO RADICAL",13,2165
"354",354,"MARIA EUGENIA HURTADO RAMOS","PARTIDO CAMBIO RADICAL",13,178
"355",355,"MARIA ISABEL CASTILLO PEDROZA","PARTIDO CAMBIO RADICAL",13,1490
"356",356,"MARIO RAMON MENDOZA MENDOZA","PARTIDO CAMBIO RADICAL",13,610
"357",357,"MIGUEL ALBERTO ROMERO BOLIVAR","PARTIDO CAMBIO RADICAL",13,2989
"358",358,"MIGUEL HUMBERTO GAMEZ SOTO","PARTIDO CAMBIO RADICAL",13,994
"359",359,"NUBIA CLEMENCIA ARIAS GONZALEZ","PARTIDO CAMBIO RADICAL",13,1127
"360",360,"OSCAR HERNAN VILLALOBOS CHAVARRO","PARTIDO CAMBIO RADICAL",13,1017
"361",361,"OSMAN FERNANDO ROA LOPEZ","PARTIDO CAMBIO RADICAL",13,13801
"362",362,"REINALDO DE JESUS SIERRA RAMIREZ","PARTIDO CAMBIO RADICAL",13,4424
"363",363,"RICHARD ALFONSO AGUILAR VILLA","PARTIDO CAMBIO RADICAL",13,76993
"364",364,"ROBERTO JOSE BUELVAS NADER","PARTIDO CAMBIO RADICAL",13,34977
"365",365,"RODRIGO LARA RESTREPO","PARTIDO CAMBIO RADICAL",13,88697
"366",366,"ROMAN JOSE OSORIO CARDONA","PARTIDO CAMBIO RADICAL",13,3054
"367",367,"ROSMERY MARTINEZ ROSALES","PARTIDO CAMBIO RADICAL",13,42478
"368",368,"SANDRA PATRICIA SALAZAR DIAZ","PARTIDO CAMBIO RADICAL",13,594
"369",369,"SOLO POR EL PARTIDO","PARTIDO CAMBIO RADICAL",13,161785
"370",370,"TEMISTOCLES ORTEGA NARVAEZ","PARTIDO CAMBIO RADICAL",13,64732
"371",371,"WALTER ORLANDO LOPEZ OLARTE","PARTIDO CAMBIO RADICAL",13,1632
"372",372,"ZULMA CONSTANZA CASAS GARCIA","PARTIDO CAMBIO RADICAL",13,2144
"373",373,"ALEJANDRO CORRALES ESCOBAR","PARTIDO CENTRO DEMOCRÁTICO",14,31248
"374",374,"ALFREDO RANGEL SUAREZ","PARTIDO CENTRO DEMOCRÁTICO",14,7026
"375",375,"ALVARO GUZMAN ORJUELA","PARTIDO CENTRO DEMOCRÁTICO",14,4544
"376",376,"ALVARO URIBE VELEZ","PARTIDO CENTRO DEMOCRÁTICO",14,883232
"377",377,"AMANDA ROCIO GONZALEZ RODRIGUEZ","PARTIDO CENTRO DEMOCRÁTICO",14,46043
"378",378,"ANA MARIA ABELLO RESTREPO","PARTIDO CENTRO DEMOCRÁTICO",14,3458
"379",379,"BASILIO VILLAMIZAR TRUJILLO","PARTIDO CENTRO DEMOCRÁTICO",14,5845
"380",380,"BRASILIA ROMERO SINISTERRA","PARTIDO CENTRO DEMOCRÁTICO",14,4838
"381",381,"CARLOS ALBERTO GOMEZ GOMEZ","PARTIDO CENTRO DEMOCRÁTICO",14,9053
"382",382,"CARLOS ALBERTO SIERRA MURILLO","PARTIDO CENTRO DEMOCRÁTICO",14,4524
"383",383,"CARLOS FELIPE MEJIA MEJIA","PARTIDO CENTRO DEMOCRÁTICO",14,28906
"384",384,"CARLOS MANUEL MEISEL VERGARA","PARTIDO CENTRO DEMOCRÁTICO",14,28203
"385",385,"CIRO ALEJANDRO RAMIREZ CORTES","PARTIDO CENTRO DEMOCRÁTICO",14,36821
"386",386,"CLAUDIA MARIA BUSTAMANTE CEBALLOS","PARTIDO CENTRO DEMOCRÁTICO",14,8879
"387",387,"DANIEL ALBERTO CABRALES CASTILLO","PARTIDO CENTRO DEMOCRÁTICO",14,10890
"388",388,"EDUARDO JOSE ALVARADO SANTANDER","PARTIDO CENTRO DEMOCRÁTICO",14,10710
"389",389,"EDUARDO JOSE GONZALEZ ANGULO","PARTIDO CENTRO DEMOCRÁTICO",14,13886
"390",390,"EMMANUEL ENRIQUE ARANGO GOMEZ","PARTIDO CENTRO DEMOCRÁTICO",14,12654
"391",391,"ERNESTO MACIAS TOVAR","PARTIDO CENTRO DEMOCRÁTICO",14,39378
"392",392,"EVAMARIA URIBE TOBON","PARTIDO CENTRO DEMOCRÁTICO",14,8558
"393",393,"EVERTH BUSTAMANTE GARCIA","PARTIDO CENTRO DEMOCRÁTICO",14,13985
"394",394,"FABIO ARISTIZABAL ANGEL","PARTIDO CENTRO DEMOCRÁTICO",14,14901
"395",395,"FERNANDO NICOLAS ARAUJO RUMIE","PARTIDO CENTRO DEMOCRÁTICO",14,27392
"396",396,"FRANKLIN ORLANDO MOSQUERA MONTOYA","PARTIDO CENTRO DEMOCRÁTICO",14,4212
"397",397,"GABRIEL JAIME VELASCO OCAMPO","PARTIDO CENTRO DEMOCRÁTICO",14,33373
"398",398,"HECTOR AUGUSTO LOPEZ CASTAÑEDA","PARTIDO CENTRO DEMOCRÁTICO",14,19884
"399",399,"HERNANDO MARQUEZ ARISTIZABAL","PARTIDO CENTRO DEMOCRÁTICO",14,9465
"400",400,"HONORIO MIGUEL HENRIQUEZ PINEDO","PARTIDO CENTRO DEMOCRÁTICO",14,32167
"401",401,"JAIME ALEJANDRO AMIN HERNANDEZ","PARTIDO CENTRO DEMOCRÁTICO",14,19615
"402",402,"JOHN HAROLD SUAREZ VARGAS","PARTIDO CENTRO DEMOCRÁTICO",14,27328
"403",403,"JOSE JOHN MARULANDA MARIN","PARTIDO CENTRO DEMOCRÁTICO",14,6584
"404",404,"JOSE MIGUEL SANTAMARIA URIBE","PARTIDO CENTRO DEMOCRÁTICO",14,16564
"405",405,"JOSE OBDULIO GAVIRIA VELEZ","PARTIDO CENTRO DEMOCRÁTICO",14,27535
"406",406,"JULIA ISABEL ESCALLON SALGAR","PARTIDO CENTRO DEMOCRÁTICO",14,5776
"407",407,"LEON RIGOBERTO BARON NEIRA","PARTIDO CENTRO DEMOCRÁTICO",14,23890
"408",408,"LEONARDO ALFONSO BARRERO GORDILLO","PARTIDO CENTRO DEMOCRÁTICO",14,14930
"409",409,"LESZLI KALLI LOPEZ","PARTIDO CENTRO DEMOCRÁTICO",14,4141
"410",410,"LUIS ALFONSO PLAZAS VEGA","PARTIDO CENTRO DEMOCRÁTICO",14,25068
"411",411,"LUIS OSWALDO PARADA PRIETO","PARTIDO CENTRO DEMOCRÁTICO",14,11437
"412",412,"MARIA DEL ROSARIO GUERRA DE LA ESPRIELLA","PARTIDO CENTRO DEMOCRÁTICO",14,27498
"413",413,"MARIA FERNANDA CABAL MOLINA","PARTIDO CENTRO DEMOCRÁTICO",14,36536
"414",414,"MARIA REGINA ZULUAGA HENAO","PARTIDO CENTRO DEMOCRÁTICO",14,13603
"415",415,"MIGUEL ALBERTO MATUS ALVARADO","PARTIDO CENTRO DEMOCRÁTICO",14,20898
"416",416,"MILLA PATRICIA ROMERO SOTO","PARTIDO CENTRO DEMOCRÁTICO",14,27125
"417",417,"NICOLAS PEREZ VASQUEZ","PARTIDO CENTRO DEMOCRÁTICO",14,29845
"418",418,"NOHORA STELLA TOVAR REY","PARTIDO CENTRO DEMOCRÁTICO",14,23186
"419",419,"OSWALDO FERRI ORTIZ RAMOS","PARTIDO CENTRO DEMOCRÁTICO",14,24327
"420",420,"PABLO ANDRES GUERRERO PEREZ","PARTIDO CENTRO DEMOCRÁTICO",14,8535
"421",421,"PALOMA SUSANA VALENCIA LASERNA","PARTIDO CENTRO DEMOCRÁTICO",14,29000
"422",422,"PAOLA ANDREA HOLGUIN MORENO","PARTIDO CENTRO DEMOCRÁTICO",14,58654
"423",423,"PIERRE EUGENIO GARCIA JACQUIER","PARTIDO CENTRO DEMOCRÁTICO",14,13811
"424",424,"QUINTIN HERRERA QUIROZ","PARTIDO CENTRO DEMOCRÁTICO",14,11945
"425",425,"ROBINSON GONZALEZ GONZALEZ","PARTIDO CENTRO DEMOCRÁTICO",14,8870
"426",426,"RUBY HELENA CHAGUI SPATH","PARTIDO CENTRO DEMOCRÁTICO",14,32616
"427",427,"SANTIAGO VALENCIA GONZALEZ","PARTIDO CENTRO DEMOCRÁTICO",14,36830
"428",428,"SERGIO RAFAEL ARAUJO CASTRO","PARTIDO CENTRO DEMOCRÁTICO",14,14124
"429",429,"SOLO POR EL PARTIDO","PARTIDO CENTRO DEMOCRÁTICO",14,469789
"430",430,"VIVIANA MANRIQUE ZULUAGA","PARTIDO CENTRO DEMOCRÁTICO",14,2258
"431",431,"YENNY ESPERANZA ROZO ZAMBRANO","PARTIDO CENTRO DEMOCRÁTICO",14,25786
"432",432,"YOHANA SALAMANCA JIMENEZ","PARTIDO CENTRO DEMOCRÁTICO",14,11776
"433",433,"ZAIDA DEL CARMEN BARRERO CUERVO","PARTIDO CENTRO DEMOCRÁTICO",14,7249
"434",434,"ADRIANA CASTELLANOS BELTRAN","PARTIDO CONSERVADOR COLOMBIANO",15,1414
"435",435,"AIDA MERLANO REBOLLEDO","PARTIDO CONSERVADOR COLOMBIANO",15,81204
"436",436,"ALBERTO DEVIA ESCOBAR","PARTIDO CONSERVADOR COLOMBIANO",15,2113
"437",437,"ALBERTO LIZARAZO","PARTIDO CONSERVADOR COLOMBIANO",15,1199
"438",438,"ANA DORIS PRIETO TRIVIÑO","PARTIDO CONSERVADOR COLOMBIANO",15,1247
"439",439,"ANA GLORIA CLAVIJO RISUEÑO","PARTIDO CONSERVADOR COLOMBIANO",15,1232
"440",440,"ANDRES ALIRIO CORREDOR CORREDOR","PARTIDO CONSERVADOR COLOMBIANO",15,527
"441",441,"ANDRES FORERO MEDINA","PARTIDO CONSERVADOR COLOMBIANO",15,3804
"442",442,"ANGEL MARIA PRIETO MONCADA","PARTIDO CONSERVADOR COLOMBIANO",15,677
"443",443,"ARGEMIRO JOSE AGAMEZ PALACIO","PARTIDO CONSERVADOR COLOMBIANO",15,344
"444",444,"BLAS ALBERTO AHUMADA BARRAZA","PARTIDO CONSERVADOR COLOMBIANO",15,4295
"445",445,"CAMILO ANDRES ABRIL JAIMES","PARTIDO CONSERVADOR COLOMBIANO",15,2729
"446",446,"CARLOS ANDRES TRUJILLO GONZALEZ","PARTIDO CONSERVADOR COLOMBIANO",15,88477
"447",447,"CARLOS ARTURO POSSO MENDOZA","PARTIDO CONSERVADOR COLOMBIANO",15,947
"448",448,"CARLOS EDUARDO ENRIQUEZ MAYA","PARTIDO CONSERVADOR COLOMBIANO",15,67812
"449",449,"CARLOS GUILLERMO AGUDELO CHAMUCERO","PARTIDO CONSERVADOR COLOMBIANO",15,1954
"450",450,"CARLOS IVAN VILLEGAS GIRALDO","PARTIDO CONSERVADOR COLOMBIANO",15,2985
"451",451,"CELSA MARIA GOEZ DURANGO","PARTIDO CONSERVADOR COLOMBIANO",15,1045
"452",452,"CONRADO DE JESUS ROJAS ARANGO","PARTIDO CONSERVADOR COLOMBIANO",15,1003
"453",453,"CRISTIAN ESTEBAN RAMIREZ ROMERO","PARTIDO CONSERVADOR COLOMBIANO",15,378
"454",454,"DAVID ALEJANDRO BARGUIL ASSIS","PARTIDO CONSERVADOR COLOMBIANO",15,142626
"455",455,"EFRAIN JOSE CEPEDA SARABIA","PARTIDO CONSERVADOR COLOMBIANO",15,117109
"456",456,"ESPERANZA ANDRADE DE OSSO","PARTIDO CONSERVADOR COLOMBIANO",15,69805
"457",457,"FERNANDO MAURICIO MURGUEITIO MILLAN","PARTIDO CONSERVADOR COLOMBIANO",15,743
"458",458,"FREDY GONZALEZ CASTIBLANCO","PARTIDO CONSERVADOR COLOMBIANO",15,585
"459",459,"GLADYS HELENA ORTIZ FLOREZ","PARTIDO CONSERVADOR COLOMBIANO",15,2628
"460",460,"GUSTAVO ADOLFO ESCUDERO ARANDA","PARTIDO CONSERVADOR COLOMBIANO",15,1427
"461",461,"HECTOR ALFONSO RAMIREZ MORENO","PARTIDO CONSERVADOR COLOMBIANO",15,295
"462",462,"HECTOR HERNANDO HINCAPIE CARVAJAL","PARTIDO CONSERVADOR COLOMBIANO",15,1102
"463",463,"HECTOR HORACIO VARGAS","PARTIDO CONSERVADOR COLOMBIANO",15,2139
"464",464,"HECTOR MARINO ANGULO CAICEDO","PARTIDO CONSERVADOR COLOMBIANO",15,3332
"465",465,"HENRY RAFAEL CALDERON TORRES","PARTIDO CONSERVADOR COLOMBIANO",15,492
"466",466,"HERIBERTO SANABRIA ASTUDILLO","PARTIDO CONSERVADOR COLOMBIANO",15,55734
"467",467,"HUGO TOVAR MARROQUIN","PARTIDO CONSERVADOR COLOMBIANO",15,13241
"468",468,"JAIME ARTURO FONSECA TRIVIÑO","PARTIDO CONSERVADOR COLOMBIANO",15,1643
"469",469,"JAIME LUIS LACOUTURE PEÑALOZA","PARTIDO CONSERVADOR COLOMBIANO",15,44866
"470",470,"JAIRO ROBERTO RODRIGUEZ DELGADO","PARTIDO CONSERVADOR COLOMBIANO",15,4069
"471",471,"JAVIER CASTRO MONSALVE","PARTIDO CONSERVADOR COLOMBIANO",15,795
"472",472,"JAVIER ENRIQUE MONROY BARRAGAN","PARTIDO CONSERVADOR COLOMBIANO",15,1018
"473",473,"JAVIER MAURICIO DELGADO MARTINEZ","PARTIDO CONSERVADOR COLOMBIANO",15,54280
"474",474,"JEFFERSON VEGA BUITRAGO","PARTIDO CONSERVADOR COLOMBIANO",15,22451
"475",475,"JENNY PAOLA VARGAS LOPEZ","PARTIDO CONSERVADOR COLOMBIANO",15,1100
"476",476,"JHEYSON OVIDIO LONDOÑO ARANGO","PARTIDO CONSERVADOR COLOMBIANO",15,751
"477",477,"JOHON ORLANDO GARZON ACOSTA","PARTIDO CONSERVADOR COLOMBIANO",15,932
"478",478,"JOSE ALBERTO LEGUIZAMO VELASQUEZ","PARTIDO CONSERVADOR COLOMBIANO",15,301
"479",479,"JUAN ALBERTO GALLEGO ARANGO","PARTIDO CONSERVADOR COLOMBIANO",15,1851
"480",480,"JUAN CARLOS DONADO CAAMAÑO","PARTIDO CONSERVADOR COLOMBIANO",15,2697
"481",481,"JUAN CARLOS GARCIA GOMEZ","PARTIDO CONSERVADOR COLOMBIANO",15,70310
"482",482,"JUAN DIEGO GOMEZ JIMENEZ","PARTIDO CONSERVADOR COLOMBIANO",15,75258
"483",483,"JUAN JOSE SANTACRUZ RODRIGUEZ","PARTIDO CONSERVADOR COLOMBIANO",15,931
"484",484,"JUAN MANUEL CORZO ROMAN","PARTIDO CONSERVADOR COLOMBIANO",15,52216
"485",485,"JUAN SAMY MERHEG MARUN","PARTIDO CONSERVADOR COLOMBIANO",15,83788
"486",486,"JUAN VICENTE GOMEZ VERDEZA","PARTIDO CONSERVADOR COLOMBIANO",15,1381
"487",487,"LAUREANO AUGUSTO ACUÑA DIAZ","PARTIDO CONSERVADOR COLOMBIANO",15,94109
"488",488,"LINDOR LEXCER LESMES INFANTE","PARTIDO CONSERVADOR COLOMBIANO",15,600
"489",489,"LUIS ALCIBIADES HERNANDEZ CASTELLANOS","PARTIDO CONSERVADOR COLOMBIANO",15,449
"490",490,"LUIS EDUARDO DE LA HOZ LOPEZ","PARTIDO CONSERVADOR COLOMBIANO",15,2787
"491",491,"LUIS FERNANDO URREGO CARVAJAL","PARTIDO CONSERVADOR COLOMBIANO",15,12025
"492",492,"LUIS FRANCISCO CARDOZO MONTAÑA","PARTIDO CONSERVADOR COLOMBIANO",15,1558
"493",493,"LUIS JORGE GAMA","PARTIDO CONSERVADOR COLOMBIANO",15,503
"494",494,"LUZ ALBA MUÑETON JARAMILLO","PARTIDO CONSERVADOR COLOMBIANO",15,1483
"495",495,"LUZ MARINA PARRA SALAMANCA","PARTIDO CONSERVADOR COLOMBIANO",15,493
"496",496,"MARIA JULIANA SANTOS GARCIA","PARTIDO CONSERVADOR COLOMBIANO",15,1134
"497",497,"MARIANELA CAMELO LEON","PARTIDO CONSERVADOR COLOMBIANO",15,1014
"498",498,"MARIO ROSENDO BAHAMON DUSSAN","PARTIDO CONSERVADOR COLOMBIANO",15,3323
"499",499,"MARLENY MONDRAGON PIÑEROS","PARTIDO CONSERVADOR COLOMBIANO",15,466
"500",500,"MAURICIO FERNANDEZ FRANCO","PARTIDO CONSERVADOR COLOMBIANO",15,3186
"501",501,"MELKIS GUILLERMO KAMMERER KAMMERER","PARTIDO CONSERVADOR COLOMBIANO",15,373
"502",502,"MIGUEL ANGEL BARRETO CASTILLO","PARTIDO CONSERVADOR COLOMBIANO",15,81524
"503",503,"MIGUEL GOMEZ MARTINEZ","PARTIDO CONSERVADOR COLOMBIANO",15,43021
"504",504,"MONICA GONZALEZ HOYOS","PARTIDO CONSERVADOR COLOMBIANO",15,3040
"505",505,"MYRIAM ALICIA PAREDES AGUIRRE","PARTIDO CONSERVADOR COLOMBIANO",15,80276
"506",506,"NADYA GEORGETTE BLEL SCAFF","PARTIDO CONSERVADOR COLOMBIANO",15,73105
"507",507,"NATALIA MORALES URQUIJO","PARTIDO CONSERVADOR COLOMBIANO",15,3075
"508",508,"NELLY DEL CARMEN LOPEZ DORIA","PARTIDO CONSERVADOR COLOMBIANO",15,414
"509",509,"NORA MARIA GARCIA BURGOS","PARTIDO CONSERVADOR COLOMBIANO",15,100437
"510",510,"OLGA LUCIA SUAREZ MIRA","PARTIDO CONSERVADOR COLOMBIANO",15,49907
"511",511,"OSCAR IVAN PALACIO TAMAYO","PARTIDO CONSERVADOR COLOMBIANO",15,6100
"512",512,"PABLO ENRIQUE VALDES RODRIGUEZ","PARTIDO CONSERVADOR COLOMBIANO",15,2557
"513",513,"RICARDO MOSQUERA CAICEDO","PARTIDO CONSERVADOR COLOMBIANO",15,1961
"514",514,"ROBERTO VICTOR GERLEIN ECHEVERRIA","PARTIDO CONSERVADOR COLOMBIANO",15,7703
"515",515,"RODOLFO RINCON SOSA","PARTIDO CONSERVADOR COLOMBIANO",15,2066
"516",516,"ROSA ALICIA PORTILLA ROSERO","PARTIDO CONSERVADOR COLOMBIANO",15,329
"517",517,"ROSA MARLENE BURBANO RAMIREZ","PARTIDO CONSERVADOR COLOMBIANO",15,1043
"518",518,"RUBEN DARIO GIRALDO CARVAJAL","PARTIDO CONSERVADOR COLOMBIANO",15,3985
"519",519,"RUTH ESPERANZA TELLEZ SANCHEZ","PARTIDO CONSERVADOR COLOMBIANO",15,399
"520",520,"SARA MILENA LASTRA URECHE","PARTIDO CONSERVADOR COLOMBIANO",15,318
"521",521,"SHIRLEY GUERRERO LOPEZ","PARTIDO CONSERVADOR COLOMBIANO",15,1479
"522",522,"SOLEDAD TAMAYO TAMAYO","PARTIDO CONSERVADOR COLOMBIANO",15,59596
"523",523,"SOLO POR EL PARTIDO","PARTIDO CONSERVADOR COLOMBIANO",15,148412
"524",524,"SORAYA BORRERO AVENDAÑO","PARTIDO CONSERVADOR COLOMBIANO",15,1102
"525",525,"VIVIANA CHARA NIÑO","PARTIDO CONSERVADOR COLOMBIANO",15,1423
"526",526,"WILLIAM EDUARDO PEREZ ORTEGA","PARTIDO CONSERVADOR COLOMBIANO",15,949
"527",527,"WILSON GERARDO VINCHERY ROJAS","PARTIDO CONSERVADOR COLOMBIANO",15,265
"528",528,"YEDIS LICET LINDO PINTO","PARTIDO CONSERVADOR COLOMBIANO",15,399
"529",529,"SOLO POR EL PARTIDO","PARTIDO FUERZA ALTERNATIVA REVOLUCIONARIA DEL COMÚ",16,54700
"530",530,"ADRIANA GARCIA BETANCOURT","PARTIDO LIBERAL COLOMBIANO",17,1165
"531",531,"ALBERTO PALMA CUERVO","PARTIDO LIBERAL COLOMBIANO",17,2216
"532",532,"ALVARO GARCIA RUIZ","PARTIDO LIBERAL COLOMBIANO",17,467
"533",533,"ANA CECILIA VARGAS FORERO","PARTIDO LIBERAL COLOMBIANO",17,1732
"534",534,"ANDRES CRISTO BUSTOS","PARTIDO LIBERAL COLOMBIANO",17,67788
"535",535,"ANDRES MAURICIO VELA CORREA","PARTIDO LIBERAL COLOMBIANO",17,941
"536",536,"ANGEL ANTONIO ROZO","PARTIDO LIBERAL COLOMBIANO",17,500
"537",537,"ANLET JAQUELINE BENT ARCHBOLD","PARTIDO LIBERAL COLOMBIANO",17,686
"538",538,"ARLETH PATRICIA CASADO DE LOPEZ","PARTIDO LIBERAL COLOMBIANO",17,59458
"539",539,"ARTURO PALACIOS ORTEGA","PARTIDO LIBERAL COLOMBIANO",17,2514
"540",540,"AURA VANESSA AGUILAR MORENO","PARTIDO LIBERAL COLOMBIANO",17,2722
"541",541,"BERNARDO FIDEL CORDOBA DAZA","PARTIDO LIBERAL COLOMBIANO",17,623
"542",542,"CARLOS HUMBERTO ISAZA RODRIGUEZ","PARTIDO LIBERAL COLOMBIANO",17,39057
"543",543,"CARLOS HUMBERTO PINZON MURIEL","PARTIDO LIBERAL COLOMBIANO",17,2036
"544",544,"CESAR AUGUSTO GONZALEZ GARCIA","PARTIDO LIBERAL COLOMBIANO",17,799
"545",545,"CLIMACO CUELLAR VALDERRAMA","PARTIDO LIBERAL COLOMBIANO",17,1200
"546",546,"CRISTINA DEL ROSARIO CABRERA MENDEZ","PARTIDO LIBERAL COLOMBIANO",17,323
"547",547,"DIANA PAOLA PEDRAZA MORENO","PARTIDO LIBERAL COLOMBIANO",17,365
"548",548,"DIEGO ALEJANDRO RAMIREZ CASTAÑO","PARTIDO LIBERAL COLOMBIANO",17,1150
"549",549,"EDINSON DELGADO RUIZ","PARTIDO LIBERAL COLOMBIANO",17,33548
"550",550,"ELEAZAR ALFONSO DURAN MORA","PARTIDO LIBERAL COLOMBIANO",17,32736
"551",551,"ELIANA PATRICIA ANGEL SERNA","PARTIDO LIBERAL COLOMBIANO",17,2050
"552",552,"FABIAN ARTURO ORTIZ WILCHES","PARTIDO LIBERAL COLOMBIANO",17,2424
"553",553,"FABIO ANTONIO GONZALEZ MENDIETA","PARTIDO LIBERAL COLOMBIANO",17,1098
"554",554,"FABIO RAUL AMIN SALEME","PARTIDO LIBERAL COLOMBIANO",17,87279
"555",555,"FANNY PERALTA FONSECA","PARTIDO LIBERAL COLOMBIANO",17,1592
"556",556,"FERNANDO DAVID MURGUEITIO CARDENAS","PARTIDO LIBERAL COLOMBIANO",17,41209
"557",557,"FLORENCIA RAMIREZ HOYOS","PARTIDO LIBERAL COLOMBIANO",17,2378
"558",558,"FRANCISCO JAVIER CHAUX CORTES","PARTIDO LIBERAL COLOMBIANO",17,2488
"559",559,"FREDY OCTAVIO CASTELLANOS CONTRERAS","PARTIDO LIBERAL COLOMBIANO",17,1111
"560",560,"GLORIA ISABEL DUARTE MENDEZ","PARTIDO LIBERAL COLOMBIANO",17,1229
"561",561,"GLORIA JUDITH VELOZA DUARTE","PARTIDO LIBERAL COLOMBIANO",17,990
"562",562,"GRACIELA BAUTISTA NIÑO","PARTIDO LIBERAL COLOMBIANO",17,1063
"563",563,"GUILLERMO DE JESUS TUBERQUIA AVENDAÑO","PARTIDO LIBERAL COLOMBIANO",17,1001
"564",564,"GUILLERMO GARCIA REALPE","PARTIDO LIBERAL COLOMBIANO",17,65561
"565",565,"HORACIO JOSE SERPA MONCADA","PARTIDO LIBERAL COLOMBIANO",17,92004
"566",566,"IVAN DARIO AGUDELO ZAPATA","PARTIDO LIBERAL COLOMBIANO",17,67753
"567",567,"IVAN DARIO OCAMPO TAMAYO","PARTIDO LIBERAL COLOMBIANO",17,879
"568",568,"JAIME ENRIQUE BEDOYA MONTOYA","PARTIDO LIBERAL COLOMBIANO",17,911
"569",569,"JAIME ENRIQUE DURAN BARRERA","PARTIDO LIBERAL COLOMBIANO",17,69399
"570",570,"JAIRO EDUARDO CARRILLO SANCHEZ","PARTIDO LIBERAL COLOMBIANO",17,645
"571",571,"JAIRO HUGO RODRIGUEZ LEON","PARTIDO LIBERAL COLOMBIANO",17,1322
"572",572,"JAIRO MANTILLA COLMENARES","PARTIDO LIBERAL COLOMBIANO",17,324
"573",573,"JAVIER TATO ALVAREZ MONTENEGRO","PARTIDO LIBERAL COLOMBIANO",17,50109
"574",574,"JESUS CORRALES CANO","PARTIDO LIBERAL COLOMBIANO",17,522
"575",575,"JOHANN STIVEN ROJAS ALVAREZ","PARTIDO LIBERAL COLOMBIANO",17,881
"576",576,"JORGE DANIEL BORJA JAYK","PARTIDO LIBERAL COLOMBIANO",17,579
"577",577,"JORGE EDILSON CARO CANCELADO","PARTIDO LIBERAL COLOMBIANO",17,2010
"578",578,"JORGE ELIECER TARAZONA HERNANDEZ","PARTIDO LIBERAL COLOMBIANO",17,579
"579",579,"JOSE ABIGAIL MIRANDA VIRGUEZ","PARTIDO LIBERAL COLOMBIANO",17,467
"580",580,"JULIAN BEDOYA PULGARIN","PARTIDO LIBERAL COLOMBIANO",17,74762
"581",581,"KATHERINE MARIÑO TORRES","PARTIDO LIBERAL COLOMBIANO",17,840
"582",582,"LAURA ESTER FORTICH SANCHEZ","PARTIDO LIBERAL COLOMBIANO",17,63857
"583",583,"LIDIO ARTURO GARCIA TURBAY","PARTIDO LIBERAL COLOMBIANO",17,121333
"584",584,"LORENT ABAUNZA NIÑO","PARTIDO LIBERAL COLOMBIANO",17,1981
"585",585,"LUCIANO MARCELINO QUIÑONES GARCIA","PARTIDO LIBERAL COLOMBIANO",17,1090
"586",586,"LUIS ALBERTO MORENO VALENZUELA","PARTIDO LIBERAL COLOMBIANO",17,1014
"587",587,"LUIS DANIEL CAMACHO GAITAN","PARTIDO LIBERAL COLOMBIANO",17,1021
"588",588,"LUIS ESNORALDO TORRES OCAMPO","PARTIDO LIBERAL COLOMBIANO",17,651
"589",589,"LUIS FERNANDO BOHORQUEZ REYES","PARTIDO LIBERAL COLOMBIANO",17,610
"590",590,"LUIS FERNANDO DUQUE GARCIA","PARTIDO LIBERAL COLOMBIANO",17,29670
"591",591,"LUIS FERNANDO VELASCO CHAVES","PARTIDO LIBERAL COLOMBIANO",17,74471
"592",592,"LUIS FRANCISCO RINCON AMAYA","PARTIDO LIBERAL COLOMBIANO",17,787
"593",593,"LUIS HERNANDO PACHECO MONSALVE","PARTIDO LIBERAL COLOMBIANO",17,1043
"594",594,"LUIS MANUEL RIVAS PARRA","PARTIDO LIBERAL COLOMBIANO",17,390
"595",595,"LUZ LARE PACHON AGUDELO","PARTIDO LIBERAL COLOMBIANO",17,586
"596",596,"LUZ MARINA ROMERO MOTTA","PARTIDO LIBERAL COLOMBIANO",17,370
"597",597,"LUZ PIEDAD VALENCIA FRANCO","PARTIDO LIBERAL COLOMBIANO",17,50888
"598",598,"MARIA ELINA DEL CARMEN ACOSTA GARZON","PARTIDO LIBERAL COLOMBIANO",17,1307
"599",599,"MARIO ALBERTO CASTAÑO PEREZ","PARTIDO LIBERAL COLOMBIANO",17,74198
"600",600,"MARLENE RUEDA ACEVEDO","PARTIDO LIBERAL COLOMBIANO",17,981
"601",601,"MAURICIO GOMEZ AMIN","PARTIDO LIBERAL COLOMBIANO",17,106634
"602",602,"MAYE PLATA VERA","PARTIDO LIBERAL COLOMBIANO",17,4119
"603",603,"MIGUEL ANGEL PINTO HERNANDEZ","PARTIDO LIBERAL COLOMBIANO",17,84396
"604",604,"NANCY DEL ROSARIO GUERRERO RODRIGUEZ","PARTIDO LIBERAL COLOMBIANO",17,427
"605",605,"OLGA BEATRIZ GONZALEZ CORREA","PARTIDO LIBERAL COLOMBIANO",17,41019
"606",606,"OLGA LUCIA VELASQUEZ NIETO","PARTIDO LIBERAL COLOMBIANO",17,55966
"607",607,"OMAR DE JESUS HOYOS AGUDELO","PARTIDO LIBERAL COLOMBIANO",17,35851
"608",608,"RAUL CACERES BERGAÑO","PARTIDO LIBERAL COLOMBIANO",17,612
"609",609,"RAUL CARDONA GRISALES","PARTIDO LIBERAL COLOMBIANO",17,3073
"610",610,"RICARDO JIMENEZ CALDERON","PARTIDO LIBERAL COLOMBIANO",17,735
"611",611,"ROBERTO LUIS MONSALVO RODRIGUEZ","PARTIDO LIBERAL COLOMBIANO",17,2658
"612",612,"RODRIGO VILLALBA MOSQUERA","PARTIDO LIBERAL COLOMBIANO",17,62469
"613",613,"ROMULO ALFONSO LEAL LEAL","PARTIDO LIBERAL COLOMBIANO",17,1085
"614",614,"ROSA AMPARO QUINTANA VELASQUEZ","PARTIDO LIBERAL COLOMBIANO",17,1508
"615",615,"ROSMERY TORRES SAENZ","PARTIDO LIBERAL COLOMBIANO",17,2675
"616",616,"SERGIO EDUARDO MANTILLA BENITEZ","PARTIDO LIBERAL COLOMBIANO",17,402
"617",617,"SOFIA ALEJANDRA GAVIRIA CORREA","PARTIDO LIBERAL COLOMBIANO",17,15037
"618",618,"SOLO POR EL PARTIDO","PARTIDO LIBERAL COLOMBIANO",17,186316
"619",619,"SONIA DEL PILAR ACUÑA DURAN","PARTIDO LIBERAL COLOMBIANO",17,1570
"620",620,"TOMAS ALBERTO MENDOZA VILLEGAS","PARTIDO LIBERAL COLOMBIANO",17,904
"621",621,"VICTOR HERNEY ROMERO HERNANDEZ","PARTIDO LIBERAL COLOMBIANO",17,986
"622",622,"VICTOR JULIO CASTILLO LEON","PARTIDO LIBERAL COLOMBIANO",17,443
"623",623,"VIVIAN MARIA NAMEN VARGAS","PARTIDO LIBERAL COLOMBIANO",17,839
"624",624,"WILSON MORA CARDENAS","PARTIDO LIBERAL COLOMBIANO",17,1314
"625",625,"YOBANY OROZCO VALENCIANO","PARTIDO LIBERAL COLOMBIANO",17,2295
"626",626,"ALBA CRISTINA BEDOYA","PARTIDO OPCIÓN CIUDADANA",18,142
"627",627,"ALEJANDRO DE JESUS HERRERA BUSTILLO","PARTIDO OPCIÓN CIUDADANA",18,451
"628",628,"ALVARO YESITH HERNANDEZ VELASQUEZ","PARTIDO OPCIÓN CIUDADANA",18,1201
"629",629,"ANDREA CAROLINA CHAPARRO MESA","PARTIDO OPCIÓN CIUDADANA",18,168
"630",630,"ANTONIO JOSE CORREA JIMENEZ","PARTIDO OPCIÓN CIUDADANA",18,69182
"631",631,"ARIS MANUEL TORRES DIAZ","PARTIDO OPCIÓN CIUDADANA",18,584
"632",632,"ARMANDO ANTONIO DIAZ PEÑARANDA","PARTIDO OPCIÓN CIUDADANA",18,101
"633",633,"CARLOS ARTURO BALANZO PADILLA","PARTIDO OPCIÓN CIUDADANA",18,228
"634",634,"CARLOS ENRIQUE FORERO SANCHEZ","PARTIDO OPCIÓN CIUDADANA",18,4092
"635",635,"CARLOS ENRIQUE MENDEZ BARBOZA","PARTIDO OPCIÓN CIUDADANA",18,166
"636",636,"CARLOS FERNANDO SANCHEZ BELTRAN","PARTIDO OPCIÓN CIUDADANA",18,439
"637",637,"CARLOS JULIO BARRAGAN MENESES","PARTIDO OPCIÓN CIUDADANA",18,1494
"638",638,"CARMEN MARIA BARRERA DE GALEANO","PARTIDO OPCIÓN CIUDADANA",18,176
"639",639,"CELIX HERNAN HERNANDEZ","PARTIDO OPCIÓN CIUDADANA",18,152
"640",640,"CESAR AUGUSTO CARDALES CORREA","PARTIDO OPCIÓN CIUDADANA",18,334
"641",641,"CLAUDIA AZUCENA YAYA MARIÑO","PARTIDO OPCIÓN CIUDADANA",18,411
"642",642,"DANIEL FERNANDO MEJIA LOZANO","PARTIDO OPCIÓN CIUDADANA",18,663
"643",643,"DANIEL ORLANDO GUTIERREZ RAMOS","PARTIDO OPCIÓN CIUDADANA",18,296
"644",644,"DANILO ARMANDO FANDIÑO RODRIGUEZ","PARTIDO OPCIÓN CIUDADANA",18,140
"645",645,"DIANA ARACELLY VARGAS JIMENEZ","PARTIDO OPCIÓN CIUDADANA",18,495
"646",646,"DORA MARIA RODRIGUEZ TOBAR","PARTIDO OPCIÓN CIUDADANA",18,1766
"647",647,"DORIS CLEMENCIA VEGA QUIROZ","PARTIDO OPCIÓN CIUDADANA",18,35244
"648",648,"EDGAR ESPINDOLA NIÑO","PARTIDO OPCIÓN CIUDADANA",18,22357
"649",649,"EDISON ALEXANDER MARIN","PARTIDO OPCIÓN CIUDADANA",18,1991
"650",650,"EDUARDO DAVID SUAREZ MORENO","PARTIDO OPCIÓN CIUDADANA",18,168
"651",651,"EDWIN JAVIER RAMIREZ LOPERA","PARTIDO OPCIÓN CIUDADANA",18,2264
"652",652,"ELIBERTO GERENA SOSA","PARTIDO OPCIÓN CIUDADANA",18,532
"653",653,"ELSY MARIA MARMOLEJO GARCIA","PARTIDO OPCIÓN CIUDADANA",18,566
"654",654,"FERNANDO ANDRES GOMEZ BACCI","PARTIDO OPCIÓN CIUDADANA",18,34732
"655",655,"FERNANDO RAUL CASTRO JIMENEZ","PARTIDO OPCIÓN CIUDADANA",18,1355
"656",656,"FRANCISCO JAVIER ALVARADO NIÑO","PARTIDO OPCIÓN CIUDADANA",18,2522
"657",657,"GLADYS AVELLANEDA","PARTIDO OPCIÓN CIUDADANA",18,305
"658",658,"GUSTAVO ADOLFO CORREA HERRERA","PARTIDO OPCIÓN CIUDADANA",18,195
"659",659,"HECTOR ESCUDERO LOPEZ","PARTIDO OPCIÓN CIUDADANA",18,88
"660",660,"HEDRIX HAISE GUTIERREZ IBARGUEN","PARTIDO OPCIÓN CIUDADANA",18,1115
"661",661,"INGRID SHIRLEY ROZO AVENDAÑO","PARTIDO OPCIÓN CIUDADANA",18,280
"662",662,"ISMAEL ANTONIO GONZALEZ MOLINA","PARTIDO OPCIÓN CIUDADANA",18,225
"663",663,"JAIME GOMEZ SILVA","PARTIDO OPCIÓN CIUDADANA",18,383
"664",664,"JAIME RAUL RODRIGUEZ VERANO","PARTIDO OPCIÓN CIUDADANA",18,550
"665",665,"JAIME SANCHEZ GARCIA","PARTIDO OPCIÓN CIUDADANA",18,188
"666",666,"JAIRO VALLEJO ROMAN","PARTIDO OPCIÓN CIUDADANA",18,457
"667",667,"JHON FREDY GONZALEZ GARCIA","PARTIDO OPCIÓN CIUDADANA",18,3785
"668",668,"JHON LEONCIO JARAMILLO RIAÑO","PARTIDO OPCIÓN CIUDADANA",18,9241
"669",669,"JORGE ENRIQUE GUTIERREZ TOBAR","PARTIDO OPCIÓN CIUDADANA",18,776
"670",670,"JORGE RICARDO PINEDA","PARTIDO OPCIÓN CIUDADANA",18,1413
"671",671,"JOSE BENJAMIN CAÑON CUBILLOS","PARTIDO OPCIÓN CIUDADANA",18,726
"672",672,"JOSE DOMINGO CASTILLO TORRES","PARTIDO OPCIÓN CIUDADANA",18,838
"673",673,"JOSE HUMBERTO BARRERA AMAYA","PARTIDO OPCIÓN CIUDADANA",18,230
"674",674,"JOSE LUIS MEJIA AMAYA","PARTIDO OPCIÓN CIUDADANA",18,1404
"675",675,"JOSE POLO PUELLO","PARTIDO OPCIÓN CIUDADANA",18,472
"676",676,"JOSE ROGELIO GARCIA ORTEGON","PARTIDO OPCIÓN CIUDADANA",18,2458
"677",677,"JOSE SANTIAGO CASTAÑEDA VALENCIA","PARTIDO OPCIÓN CIUDADANA",18,1023
"678",678,"JOSEFINA PEDRAZA DE PABON","PARTIDO OPCIÓN CIUDADANA",18,271
"679",679,"JOVANNY VASQUEZ GUTIERREZ","PARTIDO OPCIÓN CIUDADANA",18,3580
"680",680,"JUAN JOSE REINALDO CAÑON PEREZ DE LA FUENTE","PARTIDO OPCIÓN CIUDADANA",18,401
"681",681,"JUDITH IRENE BAEZ SEPULVEDA","PARTIDO OPCIÓN CIUDADANA",18,184
"682",682,"JULIO MIGUEL GUERRA SOTTO","PARTIDO OPCIÓN CIUDADANA",18,12369
"683",683,"LEOPOLDO DE LA ROSA ARIZA","PARTIDO OPCIÓN CIUDADANA",18,343
"684",684,"LICEL CRISTINA DUMAR HERAZO","PARTIDO OPCIÓN CIUDADANA",18,1206
"685",685,"LIGIO GOMEZ GOMEZ","PARTIDO OPCIÓN CIUDADANA",18,5645
"686",686,"LUIS ARBEY CARDONA VEGA","PARTIDO OPCIÓN CIUDADANA",18,1771
"687",687,"LUIS ARTURO RODRIGUEZ MACIAS","PARTIDO OPCIÓN CIUDADANA",18,552
"688",688,"LUZ ANGELICA GARCIA GARCIA","PARTIDO OPCIÓN CIUDADANA",18,1744
"689",689,"LUZ DARY LOZANO ALVARADO","PARTIDO OPCIÓN CIUDADANA",18,1680
"690",690,"LUZ MARINA DIAZ DIAZ","PARTIDO OPCIÓN CIUDADANA",18,89
"691",691,"MANUEL JOSE JAUREGUI","PARTIDO OPCIÓN CIUDADANA",18,206
"692",692,"MARIA PUBENZA ARBELAEZ SUA","PARTIDO OPCIÓN CIUDADANA",18,151
"693",693,"MARTHA RINCON CAMARGO","PARTIDO OPCIÓN CIUDADANA",18,347
"694",694,"MERCEDES JIMENEZ GARCIA","PARTIDO OPCIÓN CIUDADANA",18,777
"695",695,"MERLING SOTO","PARTIDO OPCIÓN CIUDADANA",18,315
"696",696,"MIGUEL ANGEL LEGUIZAMON ORJUELA","PARTIDO OPCIÓN CIUDADANA",18,140
"697",697,"MILDRED DEL CARMEN JIMENEZ PALMA","PARTIDO OPCIÓN CIUDADANA",18,211
"698",698,"MONICA MARIA GOMEZ GUERRERO","PARTIDO OPCIÓN CIUDADANA",18,1221
"699",699,"NELSON GERMAN NEIRA SALINAS","PARTIDO OPCIÓN CIUDADANA",18,728
"700",700,"NINFA BAQUERO MURGAS","PARTIDO OPCIÓN CIUDADANA",18,536
"701",701,"OLGA LUCIA CRISTO TREJOS","PARTIDO OPCIÓN CIUDADANA",18,408
"702",702,"OLGA LUCIA SANTOS SOTO","PARTIDO OPCIÓN CIUDADANA",18,524
"703",703,"RAFAEL DARIO VELANDIA GONZALEZ","PARTIDO OPCIÓN CIUDADANA",18,1569
"704",704,"RAMON MARIN CERON","PARTIDO OPCIÓN CIUDADANA",18,431
"705",705,"RENE NAVAS TRIANA","PARTIDO OPCIÓN CIUDADANA",18,569
"706",706,"RICARDO HERRERA CORREA","PARTIDO OPCIÓN CIUDADANA",18,5151
"707",707,"RICARDO HURTADO BRAVO","PARTIDO OPCIÓN CIUDADANA",18,258
"708",708,"RONALD ENRRIQUE ARENILLAS MANJARRES","PARTIDO OPCIÓN CIUDADANA",18,1128
"709",709,"ROSA YANIT MARTINEZ PEREZ","PARTIDO OPCIÓN CIUDADANA",18,672
"710",710,"RUMMENIGGE MONSALVE ALVAREZ","PARTIDO OPCIÓN CIUDADANA",18,10942
"711",711,"SAMUEL HERNANDO BOCANEGRA RAMIREZ","PARTIDO OPCIÓN CIUDADANA",18,1027
"712",712,"SANDRA LUPERLY TAVERA BUSTOS","PARTIDO OPCIÓN CIUDADANA",18,173
"713",713,"SANDRA PATRICIA BOLAÑOS CASTELBLANCO","PARTIDO OPCIÓN CIUDADANA",18,565
"714",714,"SHIRLEY PATRICIA ALVAREZ CORDOBA","PARTIDO OPCIÓN CIUDADANA",18,354
"715",715,"SOLO POR EL PARTIDO","PARTIDO OPCIÓN CIUDADANA",18,30446
"716",716,"TEYLOR ESLOVER MOSQUERA OSMA","PARTIDO OPCIÓN CIUDADANA",18,541
"717",717,"VICTOR MANUEL QUILINDO MEDINA","PARTIDO OPCIÓN CIUDADANA",18,213
"718",718,"VICTOR VELASQUEZ REYES","PARTIDO OPCIÓN CIUDADANA",18,4980
"719",719,"WILDER RENE CASTIBLANCO MANDON","PARTIDO OPCIÓN CIUDADANA",18,1260
"720",720,"WILDER VANEGAS MENESES","PARTIDO OPCIÓN CIUDADANA",18,836
"721",721,"WILLIAM ALBERTO RODRIGUEZ CABAL","PARTIDO OPCIÓN CIUDADANA",18,32320
"722",722,"YASMIN LICED PALACIOS NIÑO","PARTIDO OPCIÓN CIUDADANA",18,816
"723",723,"ALBERTO MANUEL GASCON GIRALDO","PARTIDO POLO DEMOCRÁTICO ALTERNATIVO",19,1285
"724",724,"ALEXANDER LOPEZ MAYA","PARTIDO POLO DEMOCRÁTICO ALTERNATIVO",19,83316
"725",725,"ANA MILENA HINESTROZA OSORIO","PARTIDO POLO DEMOCRÁTICO ALTERNATIVO",19,409
"726",726,"ANDRES FELIPE BONILLA MAYA","PARTIDO POLO DEMOCRÁTICO ALTERNATIVO",19,1505
"727",727,"ANDRES FELIPE PEREZ MORILLO","PARTIDO POLO DEMOCRÁTICO ALTERNATIVO",19,932
"728",728,"ANTOLINA ISABEL LASSO RODRIGUEZ","PARTIDO POLO DEMOCRÁTICO ALTERNATIVO",19,378
"729",729,"ANTONIO MORENO PALACIOS","PARTIDO POLO DEMOCRÁTICO ALTERNATIVO",19,2761
"730",730,"BRENDA CAROLINA JOYA JIMENEZ","PARTIDO POLO DEMOCRÁTICO ALTERNATIVO",19,418
"731",731,"CARLOS ALBERTO BENAVIDES MORA","PARTIDO POLO DEMOCRÁTICO ALTERNATIVO",19,6783
"732",732,"CARLOS ANDRES VASQUEZ TRONCOSO","PARTIDO POLO DEMOCRÁTICO ALTERNATIVO",19,1518
"733",733,"CLAUDIA CAMACHO SOSSA","PARTIDO POLO DEMOCRÁTICO ALTERNATIVO",19,286
"734",734,"DARIO ARLEY DUQUE GOMEZ","PARTIDO POLO DEMOCRÁTICO ALTERNATIVO",19,3168
"735",735,"DARIO GERMAN UMAÑA MENDOZA","PARTIDO POLO DEMOCRÁTICO ALTERNATIVO",19,3627
"736",736,"DENIS ENRIQUETA CASADO ACOSTA","PARTIDO POLO DEMOCRÁTICO ALTERNATIVO",19,482
"737",737,"DOMINGO EMILIO PEREZ CUELLAR","PARTIDO POLO DEMOCRÁTICO ALTERNATIVO",19,4517
"738",738,"EDGAR DE JESUS GIL GUERRERO","PARTIDO POLO DEMOCRÁTICO ALTERNATIVO",19,1059
"739",739,"ELINA JUDITH RODRIGUEZ AGUILAR","PARTIDO POLO DEMOCRÁTICO ALTERNATIVO",19,707
"740",740,"FABIO PERDOMO ALMEIDA","PARTIDO POLO DEMOCRÁTICO ALTERNATIVO",19,380
"741",741,"FERNANDO LUIS CALAO GONZALEZ","PARTIDO POLO DEMOCRÁTICO ALTERNATIVO",19,1448
"742",742,"FREDY VALENCIA ACOSTA","PARTIDO POLO DEMOCRÁTICO ALTERNATIVO",19,2245
"743",743,"HECTOR CONTRERAS VIZCAINO","PARTIDO POLO DEMOCRÁTICO ALTERNATIVO",19,2031
"744",744,"HERNAN ALBERTO RODAS ORTIZ","PARTIDO POLO DEMOCRÁTICO ALTERNATIVO",19,507
"745",745,"HERNANDO HERNANDEZ PARDO","PARTIDO POLO DEMOCRÁTICO ALTERNATIVO",19,2909
"746",746,"HUGO ALEJANDRO RIAÑO ANDRADE","PARTIDO POLO DEMOCRÁTICO ALTERNATIVO",19,1346
"747",747,"HUGO ALEJANDRO VASQUEZ VARGAS","PARTIDO POLO DEMOCRÁTICO ALTERNATIVO",19,854
"748",748,"IVAN ALEXIS PULIDO MORENO","PARTIDO POLO DEMOCRÁTICO ALTERNATIVO",19,637
"749",749,"IVAN CEPEDA CASTRO","PARTIDO POLO DEMOCRÁTICO ALTERNATIVO",19,78051
"750",750,"JAIME DUSSAN CALDERON","PARTIDO POLO DEMOCRÁTICO ALTERNATIVO",19,6941
"751",751,"JAIRO FERNANDO RICARDO GUTIERREZ","PARTIDO POLO DEMOCRÁTICO ALTERNATIVO",19,641
"752",752,"JESUS ALBERTO CASTILLA SALAZAR","PARTIDO POLO DEMOCRÁTICO ALTERNATIVO",19,27150
"753",753,"JESUS ALBERTO GRUESO ZUÑIGA","PARTIDO POLO DEMOCRÁTICO ALTERNATIVO",19,1523
"754",754,"JORGE ALEJANDRO OCAMPO GIRALDO","PARTIDO POLO DEMOCRÁTICO ALTERNATIVO",19,2357
"755",755,"JORGE ENRIQUE JAIMES PINTO","PARTIDO POLO DEMOCRÁTICO ALTERNATIVO",19,839
"756",756,"JORGE ENRIQUE ROBLEDO CASTILLO","PARTIDO POLO DEMOCRÁTICO ALTERNATIVO",19,226470
"757",757,"JOSE DANIEL BOLAÑOS QUESADA","PARTIDO POLO DEMOCRÁTICO ALTERNATIVO",19,261
"758",758,"JOSE ERNESTO URIBE TABARES","PARTIDO POLO DEMOCRÁTICO ALTERNATIVO",19,1461
"759",759,"JOSE ISAURO ROMAN","PARTIDO POLO DEMOCRÁTICO ALTERNATIVO",19,1205
"760",760,"JUAN ALBERTO DE LA ZERDA CASIANO","PARTIDO POLO DEMOCRÁTICO ALTERNATIVO",19,521
"761",761,"LIDA RADIEL MANZANO GARCIA","PARTIDO POLO DEMOCRÁTICO ALTERNATIVO",19,881
"762",762,"LUIS ALFREDO SANCHEZ RUIZ","PARTIDO POLO DEMOCRÁTICO ALTERNATIVO",19,1925
"763",763,"LUIS CARLOS PATERNOSTRO SEVERICHE","PARTIDO POLO DEMOCRÁTICO ALTERNATIVO",19,1072
"764",764,"LUZ DARI ACOSTA CLAVIJO","PARTIDO POLO DEMOCRÁTICO ALTERNATIVO",19,396
"765",765,"MANFRI PARRA GARAY","PARTIDO POLO DEMOCRÁTICO ALTERNATIVO",19,11811
"766",766,"MARIA ANGELICA RODRIGUEZ VEGA","PARTIDO POLO DEMOCRÁTICO ALTERNATIVO",19,203
"767",767,"MARIA AURORA REY FIRACATIVE","PARTIDO POLO DEMOCRÁTICO ALTERNATIVO",19,402
"768",768,"MARIA CONCEPCION PIMIENTA BENJUMEA","PARTIDO POLO DEMOCRÁTICO ALTERNATIVO",19,239
"769",769,"MARIA DEL PILAR VARGAS MELENDRO","PARTIDO POLO DEMOCRÁTICO ALTERNATIVO",19,298
"770",770,"MARIA ESPERANZA VARGAS ROJAS","PARTIDO POLO DEMOCRÁTICO ALTERNATIVO",19,133
"771",771,"MARISOL CASTILLO RAMIREZ","PARTIDO POLO DEMOCRÁTICO ALTERNATIVO",19,497
"772",772,"MAX ORLANDO GALEANO GASCA","PARTIDO POLO DEMOCRÁTICO ALTERNATIVO",19,434
"773",773,"MILA MARIA PAZ CAMPAZ","PARTIDO POLO DEMOCRÁTICO ALTERNATIVO",19,1359
"774",774,"MONICA ALEXANDRA TINJACA AMAYA","PARTIDO POLO DEMOCRÁTICO ALTERNATIVO",19,1101
"775",775,"NOHORA MARLIS RONCANCIO CASTAÑEDA","PARTIDO POLO DEMOCRÁTICO ALTERNATIVO",19,483
"776",776,"PAOLA ANDREA TORRES VARGAS","PARTIDO POLO DEMOCRÁTICO ALTERNATIVO",19,272
"777",777,"PAULA ANDREA ZAPATA ZAPATA","PARTIDO POLO DEMOCRÁTICO ALTERNATIVO",19,683
"778",778,"PEDRO JOSE PACANCHIQUE AVILA","PARTIDO POLO DEMOCRÁTICO ALTERNATIVO",19,1425
"779",779,"PEDRO LEONIDAS GOMEZ GOMEZ","PARTIDO POLO DEMOCRÁTICO ALTERNATIVO",19,85425
"780",780,"RAUL ANTONIO BOGOYA ARIAS","PARTIDO POLO DEMOCRÁTICO ALTERNATIVO",19,421
"781",781,"RICARDO CARRETERO LOPEZ","PARTIDO POLO DEMOCRÁTICO ALTERNATIVO",19,1100
"782",782,"ROBERT ENRIQUE ORTEGA SALCEDO","PARTIDO POLO DEMOCRÁTICO ALTERNATIVO",19,408
"783",783,"ROBERTO BRICEÑO CHIRIVI","PARTIDO POLO DEMOCRÁTICO ALTERNATIVO",19,280
"784",784,"RODRIGO HUMBERTO JIMENEZ PATIÑO","PARTIDO POLO DEMOCRÁTICO ALTERNATIVO",19,2971
"785",785,"SANDRA AIDEE ARAQUE GUEVARA","PARTIDO POLO DEMOCRÁTICO ALTERNATIVO",19,343
"786",786,"SANDRA XIMENA SALAMANCA LEIVA","PARTIDO POLO DEMOCRÁTICO ALTERNATIVO",19,580
"787",787,"SEGUNDO SENEN NIÑO AVENDAÑO","PARTIDO POLO DEMOCRÁTICO ALTERNATIVO",19,10399
"788",788,"SOLO POR EL PARTIDO","PARTIDO POLO DEMOCRÁTICO ALTERNATIVO",19,78995
"789",789,"VICTOR JAVIER CORREA VELEZ","PARTIDO POLO DEMOCRÁTICO ALTERNATIVO",19,13500
"790",790,"WILSON JOSUE HOYOS CATAÑO","PARTIDO POLO DEMOCRÁTICO ALTERNATIVO",19,2319
"791",791,"WILSON NEBER ARIAS CASTILLO","PARTIDO POLO DEMOCRÁTICO ALTERNATIVO",19,14816
"792",792,"YICETH MARIA TEHERAN LUNA","PARTIDO POLO DEMOCRÁTICO ALTERNATIVO",19,219
"793",793,"ANA PAOLA AGUDELO GARCIA","PARTIDO POLÍTICO MIRA",20,71713
"794",794,"AYDEE LIZARAZO CUBILLOS","PARTIDO POLÍTICO MIRA",20,57671
"795",795,"BELQUIS DENIDES OLIVEROS REYES","PARTIDO POLÍTICO MIRA",20,7216
"796",796,"CARLOS EDUARDO GUEVARA VILLABON","PARTIDO POLÍTICO MIRA",20,66821
"797",797,"DILIS YOLANDA GONZALEZ","PARTIDO POLÍTICO MIRA",20,5358
"798",798,"EUSTAQUIA MONTAÑO QUINTERO","PARTIDO POLÍTICO MIRA",20,3321
"799",799,"FABIO NELSON ZAMORA HERNANDEZ","PARTIDO POLÍTICO MIRA",20,6584
"800",800,"FERNANDO VALENCIA OSSA","PARTIDO POLÍTICO MIRA",20,6386
"801",801,"GLADYS YOHANA CAMACHO HERREÑO","PARTIDO POLÍTICO MIRA",20,2921
"802",802,"HEYDER ORLANDO GOMEZ DIAZ","PARTIDO POLÍTICO MIRA",20,31428
"803",803,"JACQUELINE TOLOZA CASTAÑO","PARTIDO POLÍTICO MIRA",20,27283
"804",804,"JAEL CHAMORRO ROSERO","PARTIDO POLÍTICO MIRA",20,5280
"805",805,"JESSICA YANIRIS MURCIA MURCIA","PARTIDO POLÍTICO MIRA",20,6627
"806",806,"JOHN MAURICIO SILVA BARRAGAN","PARTIDO POLÍTICO MIRA",20,8263
"807",807,"LILIANA SOFIA AGUILAR MATURANA","PARTIDO POLÍTICO MIRA",20,2486
"808",808,"LILIBET YULEINE ROCA REDONDO","PARTIDO POLÍTICO MIRA",20,11325
"809",809,"LUIS ABEL PINO LEUDO","PARTIDO POLÍTICO MIRA",20,2794
"810",810,"MANUEL ANTONIO VIRGUEZ PIRAQUIVE","PARTIDO POLÍTICO MIRA",20,28801
"811",811,"MARIA CHIQUINQUIRA MENDOZA HERNANDEZ","PARTIDO POLÍTICO MIRA",20,8285
"812",812,"MARIA NORA ARISTIZABAL RAMIREZ","PARTIDO POLÍTICO MIRA",20,7118
"813",813,"MARTA LILIANA RAMIREZ RAMIREZ","PARTIDO POLÍTICO MIRA",20,11568
"814",814,"OSWALDO VELASCO DAZA","PARTIDO POLÍTICO MIRA",20,13320
"815",815,"SEBASTIAN MARTINEZ LADINO","PARTIDO POLÍTICO MIRA",20,7515
"816",816,"SOLO POR EL PARTIDO","PARTIDO POLÍTICO MIRA",20,88403
"817",817,"YAMILED MARIA CADENA OLAYA","PARTIDO POLÍTICO MIRA",20,3012
"818",818,"ALBEIRO VANEGAS OSORIO","PARTIDO SOCIAL DE UNIDAD NACIONAL PARTIDO DE LA U",21,5652
"819",819,"ALFONSO ANGARITA BARACALDO","PARTIDO SOCIAL DE UNIDAD NACIONAL PARTIDO DE LA U",21,6440
"820",820,"ALFREDO GUILLERMO MOLINA TRIANA","PARTIDO SOCIAL DE UNIDAD NACIONAL PARTIDO DE LA U",21,61607
"821",821,"ANDRES FELIPE GARCIA ZUCCARDI","PARTIDO SOCIAL DE UNIDAD NACIONAL PARTIDO DE LA U",21,75496
"822",822,"ANGEL CUSTODIO CABRERA BAEZ","PARTIDO SOCIAL DE UNIDAD NACIONAL PARTIDO DE LA U",21,62022
"823",823,"ANGELA MARIA ALZATE ZAPATA","PARTIDO SOCIAL DE UNIDAD NACIONAL PARTIDO DE LA U",21,1675
"824",824,"ANGELICA MARIA GOMEZ BERNAL","PARTIDO SOCIAL DE UNIDAD NACIONAL PARTIDO DE LA U",21,1670
"825",825,"ANGELICA MARIA PEREIRA MUÑOZ","PARTIDO SOCIAL DE UNIDAD NACIONAL PARTIDO DE LA U",21,1127
"826",826,"ARMANDO ALBERTO BENEDETTI VILLANEDA","PARTIDO SOCIAL DE UNIDAD NACIONAL PARTIDO DE LA U",21,75997
"827",827,"BERNER LEON ZAMBRANO ERASO","PARTIDO SOCIAL DE UNIDAD NACIONAL PARTIDO DE LA U",21,73117
"828",828,"CARLOS EDWARD OSORIO AGUIAR","PARTIDO SOCIAL DE UNIDAD NACIONAL PARTIDO DE LA U",21,49885
"829",829,"CARMEN YAMILE SABA LOPEZ","PARTIDO SOCIAL DE UNIDAD NACIONAL PARTIDO DE LA U",21,1498
"830",830,"CLAUDIA BARON GOMEZ","PARTIDO SOCIAL DE UNIDAD NACIONAL PARTIDO DE LA U",21,1735
"831",831,"EDILSON HUERFANO ORDOÑEZ","PARTIDO SOCIAL DE UNIDAD NACIONAL PARTIDO DE LA U",21,4621
"832",832,"EDUARDO ENRIQUE PULGAR DAZA","PARTIDO SOCIAL DE UNIDAD NACIONAL PARTIDO DE LA U",21,79778
"833",833,"EDUARDO JOSE TOUS DE LA OSSA","PARTIDO SOCIAL DE UNIDAD NACIONAL PARTIDO DE LA U",21,48445
"834",834,"FABIAN ORLANDO RIVERA CARRILLO","PARTIDO SOCIAL DE UNIDAD NACIONAL PARTIDO DE LA U",21,3024
"835",835,"FLOR MARINA CASTAÑEDA FULA","PARTIDO SOCIAL DE UNIDAD NACIONAL PARTIDO DE LA U",21,1111
"836",836,"GERMAN DARIO HOYOS GIRALDO","PARTIDO SOCIAL DE UNIDAD NACIONAL PARTIDO DE LA U",21,72654
"837",837,"GLORIA ALEJANDRA MOLINA BUSTOS","PARTIDO SOCIAL DE UNIDAD NACIONAL PARTIDO DE LA U",21,3454
"838",838,"HERNAN PENAGOS GIRALDO","PARTIDO SOCIAL DE UNIDAD NACIONAL PARTIDO DE LA U",21,53078
"839",839,"JOHN MOISES BESAILE FAYAD","PARTIDO SOCIAL DE UNIDAD NACIONAL PARTIDO DE LA U",21,81068
"840",840,"JOSE ALFREDO GNECCO ZULETA","PARTIDO SOCIAL DE UNIDAD NACIONAL PARTIDO DE LA U",21,16759
"841",841,"JOSE DAVID NAME CARDOZO","PARTIDO SOCIAL DE UNIDAD NACIONAL PARTIDO DE LA U",21,85057
"842",842,"JOSE RITTER LOPEZ PEÑA","PARTIDO SOCIAL DE UNIDAD NACIONAL PARTIDO DE LA U",21,89471
"843",843,"JUAN FELIPE LEMOS URIBE","PARTIDO SOCIAL DE UNIDAD NACIONAL PARTIDO DE LA U",21,82513
"844",844,"JULY TATIANA GALEANO SANCHEZ","PARTIDO SOCIAL DE UNIDAD NACIONAL PARTIDO DE LA U",21,1408
"845",845,"LIYI PAOLA CARDOZO TRIBILCOCK","PARTIDO SOCIAL DE UNIDAD NACIONAL PARTIDO DE LA U",21,1573
"846",846,"LUZ ADRIANA LAMUS AGUILAR","PARTIDO SOCIAL DE UNIDAD NACIONAL PARTIDO DE LA U",21,3389
"847",847,"LUZ MARGOTH ROJAS ABAUNZA","PARTIDO SOCIAL DE UNIDAD NACIONAL PARTIDO DE LA U",21,2584
"848",848,"MANUEL GUILLERMO MORA JARAMILLO","PARTIDO SOCIAL DE UNIDAD NACIONAL PARTIDO DE LA U",21,54918
"849",849,"MARISOL DIAZ","PARTIDO SOCIAL DE UNIDAD NACIONAL PARTIDO DE LA U",21,1333
"850",850,"MARITZA MARTINEZ ARISTIZABAL","PARTIDO SOCIAL DE UNIDAD NACIONAL PARTIDO DE LA U",21,64952
"851",851,"MARTHA ISABEL RODRIGUEZ CALVO","PARTIDO SOCIAL DE UNIDAD NACIONAL PARTIDO DE LA U",21,1668
"852",852,"MIGUEL AMIN ESCAF","PARTIDO SOCIAL DE UNIDAD NACIONAL PARTIDO DE LA U",21,72506
"853",853,"NICOLAS DANIEL GUERRERO MONTAÑO","PARTIDO SOCIAL DE UNIDAD NACIONAL PARTIDO DE LA U",21,39952
"854",854,"OLGA LUCIA ECHEVERRI CASTAÑO","PARTIDO SOCIAL DE UNIDAD NACIONAL PARTIDO DE LA U",21,884
"855",855,"OVERNIS DIAZ LOPEZ","PARTIDO SOCIAL DE UNIDAD NACIONAL PARTIDO DE LA U",21,2235
"856",856,"ROOSVELT RODRIGUEZ RENGIFO","PARTIDO SOCIAL DE UNIDAD NACIONAL PARTIDO DE LA U",21,107641
"857",857,"ROY LEONARDO BARRERAS MONTEALEGRE","PARTIDO SOCIAL DE UNIDAD NACIONAL PARTIDO DE LA U",21,111922
"858",858,"SANDRA ELENA VILLADIEGO VILLADIEGO","PARTIDO SOCIAL DE UNIDAD NACIONAL PARTIDO DE LA U",21,38860
"859",859,"SANDRA PATRICIA PINZON GONZALEZ","PARTIDO SOCIAL DE UNIDAD NACIONAL PARTIDO DE LA U",21,2648
"860",860,"SOLO POR EL PARTIDO","PARTIDO SOCIAL DE UNIDAD NACIONAL PARTIDO DE LA U",21,136181
"861",861,"VICTOR HUGO HINESTROZA OBREGON","PARTIDO SOCIAL DE UNIDAD NACIONAL PARTIDO DE LA U",21,1978
"862",862,"VITALIA MOSQUERA FLOREZ","PARTIDO SOCIAL DE UNIDAD NACIONAL PARTIDO DE LA U",21,1802
"863",863,"WILLIAM JIMMY CHAMORRO CRUZ","PARTIDO SOCIAL DE UNIDAD NACIONAL PARTIDO DE LA U",21,58468
"864",864,"WILMER RAMON DAZA ARIZA","PARTIDO SOCIAL DE UNIDAD NACIONAL PARTIDO DE LA U",21,1534
"865",865,"SOLO POR EL PARTIDO","PARTIDO SOMOS",22,102039
"866",866,"SOLO POR EL PARTIDO","RENOVACIÓN ÉTNICA DE COLOMBIA",23,2620
"867",867,"VICTORIANO TOLA CARDOZO","RENOVACIÓN ÉTNICA DE COLOMBIA",23,1895
"868",868,"VOTOS EN BLANCO","VOTOS EN BLANCO",24,1172398
"869",869,"VOTOS NO MARCADOS","VOTOS NO MARCADOS",25,850151
"870",870,"VOTOS NULOS","VOTOS NULOS",26,1128082
