"","IdPuestoV","PuestoNombre","CantMesas","TotVotos","Depto","Mpio","DeCodigo","MpCodigo"
"1",145,"BERLIN CONSULADO",65,190,"CONSULADOS","ALEMANIA",NA,NA
"2",146,"FRANKFURT CONSULADO",69,177,"CONSULADOS","ALEMANIA",NA,NA
"3",147,"HAMBURGO",33,106,"CONSULADOS","ALEMANIA",NA,NA
"4",148,"JUEVES BERLIN CONSULADO",16,33,"CONSULADOS","ALEMANIA",NA,NA
"5",149,"JUEVES FRANKFURT CONSULADO",22,47,"CONSULADOS","ALEMANIA",NA,NA
"6",150,"LUNES BERLIN CONSULADO",11,21,"CONSULADOS","ALEMANIA",NA,NA
"7",151,"LUNES FRANKFURT CONSULADO",12,31,"CONSULADOS","ALEMANIA",NA,NA
"8",152,"MARTES BERLIN CONSULADO",14,26,"CONSULADOS","ALEMANIA",NA,NA
"9",153,"MARTES FRANKFURT CONSULADO",11,32,"CONSULADOS","ALEMANIA",NA,NA
"10",154,"MIERCOLES BERLIN CONSULADO",16,36,"CONSULADOS","ALEMANIA",NA,NA
"11",155,"MIERCOLES FRANKFURT CONSULADO",16,29,"CONSULADOS","ALEMANIA",NA,NA
"12",156,"MUNICH",7,10,"CONSULADOS","ALEMANIA",NA,NA
"13",157,"SABADO BERLIN CONSULADO",32,117,"CONSULADOS","ALEMANIA",NA,NA
"14",158,"SABADO FRANKFURT CONSULADO",32,115,"CONSULADOS","ALEMANIA",NA,NA
"15",159,"VIERNES BERLIN CONSULADO",19,50,"CONSULADOS","ALEMANIA",NA,NA
"16",160,"VIERNES FRANKFURT CONSULADO",26,61,"CONSULADOS","ALEMANIA",NA,NA
"17",493,"LUNES ARGEL CONSULADO",2,5,"CONSULADOS","ARGELIA",NA,NA
"18",505,"BUENOS AIRES CONSULADO",563,1438,"CONSULADOS","ARGENTINA",NA,NA
"19",506,"JUEVES BUENOS AIRES CONSULADO",61,160,"CONSULADOS","ARGENTINA",NA,NA
"20",507,"LUNES BUENOS AIRES CONSULADO",26,44,"CONSULADOS","ARGENTINA",NA,NA
"21",508,"MARTES BUENOS AIRES CONSULADO",34,99,"CONSULADOS","ARGENTINA",NA,NA
"22",509,"MENDOZA",6,8,"CONSULADOS","ARGENTINA",NA,NA
"23",510,"MIERCOLES BUENOS AIRES CONSULADO",42,146,"CONSULADOS","ARGENTINA",NA,NA
"24",511,"SABADO BUENOS AIRES CONSULADO",77,364,"CONSULADOS","ARGENTINA",NA,NA
"25",512,"VIERNES BUENOS AIRES CONSULADO",72,233,"CONSULADOS","ARGENTINA",NA,NA
"26",587,"JUEVES ORANJESTAD CONSULADO",22,44,"CONSULADOS","ARUBA",NA,NA
"27",588,"LUNES ORANJESTAD CONSULADO",12,23,"CONSULADOS","ARUBA",NA,NA
"28",589,"MARTES ORANJESTAD CONSULADO",18,40,"CONSULADOS","ARUBA",NA,NA
"29",590,"MIERCOLES ORANJESTAD CONSULADO",17,44,"CONSULADOS","ARUBA",NA,NA
"30",591,"ORANJESTAD CONSULADO",228,553,"CONSULADOS","ARUBA",NA,NA
"31",592,"SABADO ORANJESTAD CONSULADO",34,77,"CONSULADOS","ARUBA",NA,NA
"32",593,"VIERNES ORANJESTAD CONSULADO",28,60,"CONSULADOS","ARUBA",NA,NA
"33",594,"BAKU CONSULADO",2,2,"CONSULADOS","ARZERBAIYAN",NA,NA
"34",595,"JUEVES BAKU CONSULADO",2,3,"CONSULADOS","ARZERBAIYAN",NA,NA
"35",596,"LUNES BAKU CONSULADO",2,4,"CONSULADOS","ARZERBAIYAN",NA,NA
"36",597,"MARTES BAKU CONSULADO",3,3,"CONSULADOS","ARZERBAIYAN",NA,NA
"37",598,"MIERCOLES BAKU CONSULADO",2,2,"CONSULADOS","ARZERBAIYAN",NA,NA
"38",599,"VIERNES BAKU CONSULADO",1,1,"CONSULADOS","ARZERBAIYAN",NA,NA
"39",629,"BRISBANE",107,409,"CONSULADOS","AUSTRALIA",NA,NA
"40",630,"CANBERRA CONSULADO",6,15,"CONSULADOS","AUSTRALIA",NA,NA
"41",631,"JUEVES CANBERRA CONSULADO",10,12,"CONSULADOS","AUSTRALIA",NA,NA
"42",632,"JUEVES SYDNEY CONSULADO",22,59,"CONSULADOS","AUSTRALIA",NA,NA
"43",633,"LUNES CANBERRA CONSULADO",4,8,"CONSULADOS","AUSTRALIA",NA,NA
"44",634,"LUNES SYDNEY CONSULADO",12,24,"CONSULADOS","AUSTRALIA",NA,NA
"45",635,"MARTES CANBERRA CONSULADO",4,6,"CONSULADOS","AUSTRALIA",NA,NA
"46",636,"MARTES SYDNEY CONSULADO",19,42,"CONSULADOS","AUSTRALIA",NA,NA
"47",637,"MELBOURNE",221,883,"CONSULADOS","AUSTRALIA",NA,NA
"48",638,"MIERCOLES CANBERRA CONSULADO",3,4,"CONSULADOS","AUSTRALIA",NA,NA
"49",639,"MIERCOLES SYDNEY CONSULADO",25,68,"CONSULADOS","AUSTRALIA",NA,NA
"50",640,"PERTH",53,218,"CONSULADOS","AUSTRALIA",NA,NA
"51",641,"SABADO CANBERRA CONSULADO",14,18,"CONSULADOS","AUSTRALIA",NA,NA
"52",642,"SABADO SYDNEY CONSULADO",62,263,"CONSULADOS","AUSTRALIA",NA,NA
"53",643,"SYDNEY CONSULADO",106,311,"CONSULADOS","AUSTRALIA",NA,NA
"54",644,"VIERNES CANBERRA CONSULADO",3,4,"CONSULADOS","AUSTRALIA",NA,NA
"55",645,"VIERNES SYDNEY CONSULADO",32,83,"CONSULADOS","AUSTRALIA",NA,NA
"56",646,"GRAZ CONSULADO HONORARIO",10,21,"CONSULADOS","AUSTRIA",NA,NA
"57",647,"JUEVES VIENA CONSULADO",14,21,"CONSULADOS","AUSTRIA",NA,NA
"58",648,"LUNES VIENA CONSULADO",4,9,"CONSULADOS","AUSTRIA",NA,NA
"59",649,"MARTES VIENA CONSULADO",8,13,"CONSULADOS","AUSTRIA",NA,NA
"60",650,"MIERCOLES VIENA CONSULADO",9,12,"CONSULADOS","AUSTRIA",NA,NA
"61",651,"SABADO VIENA CONSULADO",22,45,"CONSULADOS","AUSTRIA",NA,NA
"62",652,"VIENA CONSULADO",34,103,"CONSULADOS","AUSTRIA",NA,NA
"63",653,"VIERNES VIENA CONSULADO",19,45,"CONSULADOS","AUSTRIA",NA,NA
"64",1006,"BRUSELAS CONSULADO",98,238,"CONSULADOS","BELGICA",NA,NA
"65",1007,"JUEVES BRUSELAS CONSULADO",20,36,"CONSULADOS","BELGICA",NA,NA
"66",1008,"LUNES BRUSELAS CONSULADO",15,26,"CONSULADOS","BELGICA",NA,NA
"67",1009,"MARTES BRUSELAS CONSULADO",20,40,"CONSULADOS","BELGICA",NA,NA
"68",1010,"MIERCOLES BRUSELAS CONSULADO",29,56,"CONSULADOS","BELGICA",NA,NA
"69",1011,"SABADO BRUSELAS CONSULADO",41,107,"CONSULADOS","BELGICA",NA,NA
"70",1012,"VIERNES BRUSELAS CONSULADO",31,62,"CONSULADOS","BELGICA",NA,NA
"71",1013,"BELMOPAN - CONSULADO HONORARIO",7,18,"CONSULADOS","BELICE",NA,NA
"72",1745,"ALFONSO LOPEZ",84,343,"ANTIOQUIA","BOLIVAR",NA,NA
"73",1755,"CARCEL",7,15,"ANTIOQUIA","BOLIVAR",NA,NA
"74",1761,"COLISEO CUBIERTO",635,1844,"ANTIOQUIA","BOLIVAR",NA,NA
"75",1779,"FARALLONES",98,377,"ANTIOQUIA","BOLIVAR",NA,NA
"76",1789,"I.E.MARIA AUXILIADORA",673,1699,"ANTIOQUIA","BOLIVAR",NA,NA
"77",1790,"I.EDU. SAN JOSE DEL CITARA",598,1879,"ANTIOQUIA","BOLIVAR",NA,NA
"78",1791,"I.EDUCATIVA JOSE MARIA HERRAN",623,1855,"ANTIOQUIA","BOLIVAR",NA,NA
"79",1799,"LA LINDA",44,162,"ANTIOQUIA","BOLIVAR",NA,NA
"80",1859,"JUEVES LA PAZ CONSULADO",2,3,"CONSULADOS","BOLIVIA",NA,NA
"81",1860,"LA PAZ CONSULADO",9,18,"CONSULADOS","BOLIVIA",NA,NA
"82",1861,"LUNES LA PAZ CONSULADO",2,5,"CONSULADOS","BOLIVIA",NA,NA
"83",1862,"MARTES LA PAZ CONSULADO",4,4,"CONSULADOS","BOLIVIA",NA,NA
"84",1863,"MIERCOLES LA PAZ CONSULADO",2,4,"CONSULADOS","BOLIVIA",NA,NA
"85",1864,"SABADO LA PAZ CONSULADO",7,9,"CONSULADOS","BOLIVIA",NA,NA
"86",1865,"SANTA CRUZ DE LA SIERRA CONSUL. HON.",39,113,"CONSULADOS","BOLIVIA",NA,NA
"87",1866,"VIERNES LA PAZ CONSULADO",5,6,"CONSULADOS","BOLIVIA",NA,NA
"88",1868,"BELO HORIZONTE",16,38,"CONSULADOS","BRASIL",NA,NA
"89",1869,"BRASILIA CONSULADO",20,27,"CONSULADOS","BRASIL",NA,NA
"90",1870,"CURUTIBA CONSULADO HONORARIO",20,56,"CONSULADOS","BRASIL",NA,NA
"91",1871,"FLORIANAPOLIS",15,33,"CONSULADOS","BRASIL",NA,NA
"92",1872,"FORTALEZA CONSULADO HONORARIO",7,30,"CONSULADOS","BRASIL",NA,NA
"93",1873,"JUEVES BRASILIA CONSULADO",6,10,"CONSULADOS","BRASIL",NA,NA
"94",1874,"JUEVES MANAOS - CONSULADO",6,11,"CONSULADOS","BRASIL",NA,NA
"95",1875,"JUEVES SAO PAULO CONSULADO",25,42,"CONSULADOS","BRASIL",NA,NA
"96",1876,"JUEVES TABATINGA CONSULADO",2,3,"CONSULADOS","BRASIL",NA,NA
"97",1877,"LUNES BRASILIA CONSULADO",4,6,"CONSULADOS","BRASIL",NA,NA
"98",1878,"LUNES MANAOS - CONSULADO",2,2,"CONSULADOS","BRASIL",NA,NA
"99",1879,"LUNES SAO PAULO CONSULADO",9,12,"CONSULADOS","BRASIL",NA,NA
"100",1880,"LUNES TABATINGA CONSULADO",2,2,"CONSULADOS","BRASIL",NA,NA
"101",1881,"MANAOS - CONSULADO",13,18,"CONSULADOS","BRASIL",NA,NA
"102",1882,"MARTES BRASILIA CONSULADO",6,7,"CONSULADOS","BRASIL",NA,NA
"103",1883,"MARTES MANAOS - CONSULADO",4,4,"CONSULADOS","BRASIL",NA,NA
"104",1884,"MARTES SAO PAULO CONSULADO",17,26,"CONSULADOS","BRASIL",NA,NA
"105",1885,"MIERCOLES BRASILIA CONSULADO",6,7,"CONSULADOS","BRASIL",NA,NA
"106",1886,"MIERCOLES MANAOS - CONSULADO",7,10,"CONSULADOS","BRASIL",NA,NA
"107",1887,"MIERCOLES SAO PAULO CONSULADO",20,40,"CONSULADOS","BRASIL",NA,NA
"108",1888,"MIERCOLES TABATINGA CONSULADO",1,1,"CONSULADOS","BRASIL",NA,NA
"109",1889,"PORTO ALEGRE",8,13,"CONSULADOS","BRASIL",NA,NA
"110",1890,"RECIFE CONSULADO HONORARIO",12,15,"CONSULADOS","BRASIL",NA,NA
"111",1891,"RIO DE JANEIRO",45,136,"CONSULADOS","BRASIL",NA,NA
"112",1892,"SABADO BRASILIA CONSULADO",14,23,"CONSULADOS","BRASIL",NA,NA
"113",1893,"SABADO MANAOS - CONSULADO",4,7,"CONSULADOS","BRASIL",NA,NA
"114",1894,"SABADO SAO PAULO CONSULADO",41,157,"CONSULADOS","BRASIL",NA,NA
"115",1895,"SABADO TABATINGA CONSULADO",4,4,"CONSULADOS","BRASIL",NA,NA
"116",1896,"SAO PAULO CONSULADO",66,148,"CONSULADOS","BRASIL",NA,NA
"117",1897,"TABATINGA CONSULADO",11,13,"CONSULADOS","BRASIL",NA,NA
"118",1898,"VIERNES BRASILIA CONSULADO",6,8,"CONSULADOS","BRASIL",NA,NA
"119",1899,"VIERNES MANAOS - CONSULADO",4,7,"CONSULADOS","BRASIL",NA,NA
"120",1900,"VIERNES SAO PAULO CONSULADO",25,70,"CONSULADOS","BRASIL",NA,NA
"121",1901,"VIERNES TABATINGA CONSULADO",2,3,"CONSULADOS","BRASIL",NA,NA
"122",2536,"CALGARY CONSULADO",97,252,"CONSULADOS","CANADA",NA,NA
"123",2537,"JUEVES CALGARY CONSULADO",20,41,"CONSULADOS","CANADA",NA,NA
"124",2538,"JUEVES MONTREAL CONSULADO",43,148,"CONSULADOS","CANADA",NA,NA
"125",2539,"JUEVES OTAWA CONSULADO",16,28,"CONSULADOS","CANADA",NA,NA
"126",2540,"JUEVES TORONTO CONSULADO",43,112,"CONSULADOS","CANADA",NA,NA
"127",2541,"JUEVES VANCOUVER CONSULADO",14,36,"CONSULADOS","CANADA",NA,NA
"128",2542,"LUNES CALGARY CONSULADO",25,40,"CONSULADOS","CANADA",NA,NA
"129",2543,"LUNES MONTREAL CONSULADO",36,99,"CONSULADOS","CANADA",NA,NA
"130",2544,"LUNES OTAWA CONSULADO",9,11,"CONSULADOS","CANADA",NA,NA
"131",2545,"LUNES TORONTO CONSULADO",30,92,"CONSULADOS","CANADA",NA,NA
"132",2546,"LUNES VANCOUVER CONSULADO",7,17,"CONSULADOS","CANADA",NA,NA
"133",2547,"MARTES CALGARY CONSULADO",19,40,"CONSULADOS","CANADA",NA,NA
"134",2548,"MARTES MONTREAL CONSULADO",39,117,"CONSULADOS","CANADA",NA,NA
"135",2549,"MARTES OTAWA CONSULADO",14,20,"CONSULADOS","CANADA",NA,NA
"136",2550,"MARTES TORONTO CONSULADO",31,64,"CONSULADOS","CANADA",NA,NA
"137",2551,"MARTES VANCOUVER CONSULADO",22,32,"CONSULADOS","CANADA",NA,NA
"138",2552,"MIERCOLES CALGARY CONSULADO",18,39,"CONSULADOS","CANADA",NA,NA
"139",2553,"MIERCOLES MONTREAL CONSULADO",53,195,"CONSULADOS","CANADA",NA,NA
"140",2554,"MIERCOLES OTAWA CONSULADO",19,41,"CONSULADOS","CANADA",NA,NA
"141",2555,"MIERCOLES TORONTO CONSULADO",42,119,"CONSULADOS","CANADA",NA,NA
"142",2556,"MIERCOLES VANCOUVER CONSULADO",15,32,"CONSULADOS","CANADA",NA,NA
"143",2557,"MONTREAL CONSULADO",491,1374,"CONSULADOS","CANADA",NA,NA
"144",2558,"OTAWA CONSULADO",78,199,"CONSULADOS","CANADA",NA,NA
"145",2559,"SABADO CALGARY CONSULADO",64,258,"CONSULADOS","CANADA",NA,NA
"146",2560,"SABADO MONTREAL CONSULADO",65,404,"CONSULADOS","CANADA",NA,NA
"147",2561,"SABADO OTAWA CONSULADO",35,121,"CONSULADOS","CANADA",NA,NA
"148",2562,"SABADO TORONTO CONSULADO",74,415,"CONSULADOS","CANADA",NA,NA
"149",2563,"SABADO VANCOUVER CONSULADO",30,120,"CONSULADOS","CANADA",NA,NA
"150",2564,"TORONTO CONSULADO",439,1140,"CONSULADOS","CANADA",NA,NA
"151",2565,"VANCOUVER CONSULADO",88,251,"CONSULADOS","CANADA",NA,NA
"152",2566,"VIERNES CALGARY CONSULADO",32,99,"CONSULADOS","CANADA",NA,NA
"153",2567,"VIERNES MONTREAL CONSULADO",71,267,"CONSULADOS","CANADA",NA,NA
"154",2568,"VIERNES OTAWA CONSULADO",20,46,"CONSULADOS","CANADA",NA,NA
"155",2569,"VIERNES TORONTO CONSULADO",50,183,"CONSULADOS","CANADA",NA,NA
"156",2570,"VIERNES VANCOUVER CONSULADO",23,51,"CONSULADOS","CANADA",NA,NA
"157",2912,"ANTOFAGASTA CONSULADO",93,226,"CONSULADOS","CHILE",NA,NA
"158",2913,"ARICA CONSULADO HONORARIO",15,27,"CONSULADOS","CHILE",NA,NA
"159",2914,"JUEVES ANTOFAGASTA CONSULADO",18,32,"CONSULADOS","CHILE",NA,NA
"160",2915,"JUEVES SANTIAGO CONSULADO",40,95,"CONSULADOS","CHILE",NA,NA
"161",2916,"LUNES ANTOFAGASTA CONSULADO",8,15,"CONSULADOS","CHILE",NA,NA
"162",2917,"LUNES SANTIAGO CONSULADO",24,46,"CONSULADOS","CHILE",NA,NA
"163",2918,"MARTES ANTOFAGASTA CONSULADO",12,20,"CONSULADOS","CHILE",NA,NA
"164",2919,"MARTES SANTIAGO CONSULADO",30,60,"CONSULADOS","CHILE",NA,NA
"165",2920,"MIERCOLES ANTOFAGASTA CONSULADO",11,16,"CONSULADOS","CHILE",NA,NA
"166",2921,"MIERCOLES SANTIAGO CONSULADO",31,80,"CONSULADOS","CHILE",NA,NA
"167",2922,"SABADO ANTOFAGASTA CONSULADO",21,42,"CONSULADOS","CHILE",NA,NA
"168",2923,"SABADO SANTIAGO CONSULADO",76,293,"CONSULADOS","CHILE",NA,NA
"169",2924,"SANTIAGO CONSULADO",366,969,"CONSULADOS","CHILE",NA,NA
"170",2925,"SANTIAGO EMBAJADA",152,314,"CONSULADOS","CHILE",NA,NA
"171",2926,"VIERNES ANTOFAGASTA CONSULADO",19,36,"CONSULADOS","CHILE",NA,NA
"172",2927,"VIERNES SANTIAGO CONSULADO",52,165,"CONSULADOS","CHILE",NA,NA
"173",2938,"BEIJING - EMBAJADA",11,16,"CONSULADOS","CHINA REPUBLICA POPULAR",NA,NA
"174",2939,"GUANGZHOU CONSULADO",5,7,"CONSULADOS","CHINA REPUBLICA POPULAR",NA,NA
"175",2940,"HONG KONG - CONSULADO",5,9,"CONSULADOS","CHINA REPUBLICA POPULAR",NA,NA
"176",2941,"JUEVES BEIJING - EMBAJADA",4,4,"CONSULADOS","CHINA REPUBLICA POPULAR",NA,NA
"177",2942,"JUEVES GUANGZHOU CONSULADO",3,5,"CONSULADOS","CHINA REPUBLICA POPULAR",NA,NA
"178",2943,"JUEVES HONG KONG - CONSULADO",3,3,"CONSULADOS","CHINA REPUBLICA POPULAR",NA,NA
"179",2944,"JUEVES SHANGHAI CONSULADO",4,6,"CONSULADOS","CHINA REPUBLICA POPULAR",NA,NA
"180",2945,"LUNES BEIJING - EMBAJADA",3,3,"CONSULADOS","CHINA REPUBLICA POPULAR",NA,NA
"181",2946,"LUNES GUANGZHOU CONSULADO",4,4,"CONSULADOS","CHINA REPUBLICA POPULAR",NA,NA
"182",2947,"LUNES HONG KONG - CONSULADO",2,2,"CONSULADOS","CHINA REPUBLICA POPULAR",NA,NA
"183",2948,"LUNES SHANGHAI CONSULADO",4,4,"CONSULADOS","CHINA REPUBLICA POPULAR",NA,NA
"184",2949,"MARTES BEIJING - EMBAJADA",6,7,"CONSULADOS","CHINA REPUBLICA POPULAR",NA,NA
"185",2950,"MARTES GUANGZHOU CONSULADO",5,8,"CONSULADOS","CHINA REPUBLICA POPULAR",NA,NA
"186",2951,"MARTES HONG KONG - CONSULADO",4,6,"CONSULADOS","CHINA REPUBLICA POPULAR",NA,NA
"187",2952,"MARTES SHANGHAI CONSULADO",5,6,"CONSULADOS","CHINA REPUBLICA POPULAR",NA,NA
"188",2953,"MIERCOLES BEIJING - EMBAJADA",5,5,"CONSULADOS","CHINA REPUBLICA POPULAR",NA,NA
"189",2954,"MIERCOLES GUANGZHOU CONSULADO",6,7,"CONSULADOS","CHINA REPUBLICA POPULAR",NA,NA
"190",2955,"MIERCOLES HONG KONG - CONSULADO",4,4,"CONSULADOS","CHINA REPUBLICA POPULAR",NA,NA
"191",2956,"MIERCOLES SHANGHAI CONSULADO",6,6,"CONSULADOS","CHINA REPUBLICA POPULAR",NA,NA
"192",2957,"SABADO BEIJING - EMBAJADA",5,9,"CONSULADOS","CHINA REPUBLICA POPULAR",NA,NA
"193",2958,"SABADO GUANGZHOU CONSULADO",6,10,"CONSULADOS","CHINA REPUBLICA POPULAR",NA,NA
"194",2959,"SABADO HONG KONG - CONSULADO",5,8,"CONSULADOS","CHINA REPUBLICA POPULAR",NA,NA
"195",2960,"SABADO SHANGHAI CONSULADO",11,20,"CONSULADOS","CHINA REPUBLICA POPULAR",NA,NA
"196",2961,"SHANGHAI CONSULADO",10,20,"CONSULADOS","CHINA REPUBLICA POPULAR",NA,NA
"197",2962,"VIERNES BEIJING - EMBAJADA",6,7,"CONSULADOS","CHINA REPUBLICA POPULAR",NA,NA
"198",2963,"VIERNES GUANGZHOU CONSULADO",4,5,"CONSULADOS","CHINA REPUBLICA POPULAR",NA,NA
"199",2964,"VIERNES HONG KONG - CONSULADO",8,10,"CONSULADOS","CHINA REPUBLICA POPULAR",NA,NA
"200",2965,"VIERNES SHANGHAI CONSULADO",5,5,"CONSULADOS","CHINA REPUBLICA POPULAR",NA,NA
"201",3017,"LIMASSOL CONSULADO HONORARIO",12,17,"CONSULADOS","CHIPRE",NA,NA
"202",3289,"JUEVES SEUL - EMBAJADA",5,5,"CONSULADOS","COREA DEL SUR",NA,NA
"203",3290,"LUNES SEUL - EMBAJADA",2,2,"CONSULADOS","COREA DEL SUR",NA,NA
"204",3291,"MARTES SEUL - EMBAJADA",3,5,"CONSULADOS","COREA DEL SUR",NA,NA
"205",3292,"MIERCOLES SEUL - EMBAJADA",4,6,"CONSULADOS","COREA DEL SUR",NA,NA
"206",3293,"SABADO SEUL - EMBAJADA",8,9,"CONSULADOS","COREA DEL SUR",NA,NA
"207",3294,"SEUL - EMBAJADA",7,7,"CONSULADOS","COREA DEL SUR",NA,NA
"208",3295,"VIERNES SEUL - EMBAJADA",4,7,"CONSULADOS","COREA DEL SUR",NA,NA
"209",3327,"JUEVES SAN JOSE - EMBAJADA",30,94,"CONSULADOS","COSTA RICA",NA,NA
"210",3328,"LUNES SAN JOSE - EMBAJADA",20,54,"CONSULADOS","COSTA RICA",NA,NA
"211",3329,"MARTES SAN JOSE - EMBAJADA",21,62,"CONSULADOS","COSTA RICA",NA,NA
"212",3330,"MIERCOLES SAN JOSE - EMBAJADA",23,80,"CONSULADOS","COSTA RICA",NA,NA
"213",3331,"SABADO SAN JOSE - EMBAJADA",49,193,"CONSULADOS","COSTA RICA",NA,NA
"214",3332,"SAN JOSE - EMBAJADA",405,1074,"CONSULADOS","COSTA RICA",NA,NA
"215",3333,"VIERNES SAN JOSE - EMBAJADA",36,105,"CONSULADOS","COSTA RICA",NA,NA
"216",3365,"JUEVES LA HABANA - CONSULADO",1,1,"CONSULADOS","CUBA",NA,NA
"217",3366,"LA HABANA - CONSULADO",16,34,"CONSULADOS","CUBA",NA,NA
"218",3367,"LUNES LA HABANA - CONSULADO",3,7,"CONSULADOS","CUBA",NA,NA
"219",3368,"MARTES LA HABANA - CONSULADO",2,4,"CONSULADOS","CUBA",NA,NA
"220",3369,"MIERCOLES LA HABANA - CONSULADO",4,8,"CONSULADOS","CUBA",NA,NA
"221",3370,"SABADO LA HABANA - CONSULADO",4,10,"CONSULADOS","CUBA",NA,NA
"222",3371,"VIERNES LA HABANA - CONSULADO",10,11,"CONSULADOS","CUBA",NA,NA
"223",3511,"JUEVES WILLEMSTAD CONSULADO",5,12,"CONSULADOS","CURAZAO",NA,NA
"224",3512,"LUNES WILLEMSTAD CONSULADO",6,8,"CONSULADOS","CURAZAO",NA,NA
"225",3513,"MARTES WILLEMSTAD CONSULADO",11,18,"CONSULADOS","CURAZAO",NA,NA
"226",3514,"MIERCOLES WILLEMSTAD CONSULADO",5,9,"CONSULADOS","CURAZAO",NA,NA
"227",3515,"SABADO WILLEMSTAD CONSULADO",15,23,"CONSULADOS","CURAZAO",NA,NA
"228",3516,"VIERNES WILLEMSTAD CONSULADO",10,20,"CONSULADOS","CURAZAO",NA,NA
"229",3517,"WILLEMSTAD CONSULADO",72,174,"CONSULADOS","CURAZAO",NA,NA
"230",3572,"COPENHAGUE",24,55,"CONSULADOS","DINAMARCA",NA,NA
"231",3650,"CUENCA",25,103,"CONSULADOS","ECUADOR",NA,NA
"232",3651,"ESMERALDAS - CONSULADO",35,77,"CONSULADOS","ECUADOR",NA,NA
"233",3652,"GUAYAQUIL - CONSULADO",189,427,"CONSULADOS","ECUADOR",NA,NA
"234",3653,"JUEVES ESMERALDAS - CONSULADO",10,25,"CONSULADOS","ECUADOR",NA,NA
"235",3654,"JUEVES GUAYAQUIL - CONSULADO",23,73,"CONSULADOS","ECUADOR",NA,NA
"236",3655,"JUEVES NUEVA LOJA - CONSULADO",13,29,"CONSULADOS","ECUADOR",NA,NA
"237",3656,"JUEVES QUITO - CONSULADO",38,143,"CONSULADOS","ECUADOR",NA,NA
"238",3657,"JUEVES STO DOMINGOTSACHILAS-CONSULADO",10,34,"CONSULADOS","ECUADOR",NA,NA
"239",3658,"JUEVES TULCAN - CONSULADO",9,29,"CONSULADOS","ECUADOR",NA,NA
"240",3659,"LUNES ESMERALDAS - CONSULADO",12,40,"CONSULADOS","ECUADOR",NA,NA
"241",3660,"LUNES GUAYAQUIL - CONSULADO",15,70,"CONSULADOS","ECUADOR",NA,NA
"242",3661,"LUNES NUEVA LOJA - CONSULADO",12,22,"CONSULADOS","ECUADOR",NA,NA
"243",3662,"LUNES QUITO - CONSULADO",28,79,"CONSULADOS","ECUADOR",NA,NA
"244",3663,"LUNES STO DOMINGOTSACHILAS-CONSULADO",13,49,"CONSULADOS","ECUADOR",NA,NA
"245",3664,"LUNES TULCAN - CONSULADO",2,17,"CONSULADOS","ECUADOR",NA,NA
"246",3665,"MARTES ESMERALDAS - CONSULADO",6,16,"CONSULADOS","ECUADOR",NA,NA
"247",3666,"MARTES GUAYAQUIL - CONSULADO",18,68,"CONSULADOS","ECUADOR",NA,NA
"248",3667,"MARTES NUEVA LOJA - CONSULADO",16,39,"CONSULADOS","ECUADOR",NA,NA
"249",3668,"MARTES QUITO - CONSULADO",28,100,"CONSULADOS","ECUADOR",NA,NA
"250",3669,"MARTES STO DOMINGOTSACHILAS-CONSULADO",12,63,"CONSULADOS","ECUADOR",NA,NA
"251",3670,"MARTES TULCAN - CONSULADO",6,28,"CONSULADOS","ECUADOR",NA,NA
"252",3671,"MIERCOLES ESMERALDAS - CONSULADO",11,41,"CONSULADOS","ECUADOR",NA,NA
"253",3672,"MIERCOLES GUAYAQUIL - CONSULADO",15,72,"CONSULADOS","ECUADOR",NA,NA
"254",3673,"MIERCOLES NUEVA LOJA - CONSULADO",13,28,"CONSULADOS","ECUADOR",NA,NA
"255",3674,"MIERCOLES QUITO - CONSULADO",31,128,"CONSULADOS","ECUADOR",NA,NA
"256",3675,"MIERCOLES STO DOMINGOTSACHILAS-CONSULADO",13,52,"CONSULADOS","ECUADOR",NA,NA
"257",3676,"MIERCOLES TULCAN - CONSULADO",5,17,"CONSULADOS","ECUADOR",NA,NA
"258",3677,"NUEVA LOJA - CONSULADO",129,350,"CONSULADOS","ECUADOR",NA,NA
"259",3678,"QUITO - CONSULADO",439,1037,"CONSULADOS","ECUADOR",NA,NA
"260",3679,"SABADO ESMERALDAS - CONSULADO",9,23,"CONSULADOS","ECUADOR",NA,NA
"261",3680,"SABADO GUAYAQUIL - CONSULADO",27,97,"CONSULADOS","ECUADOR",NA,NA
"262",3681,"SABADO NUEVA LOJA - CONSULADO",16,53,"CONSULADOS","ECUADOR",NA,NA
"263",3682,"SABADO QUITO - CONSULADO",73,294,"CONSULADOS","ECUADOR",NA,NA
"264",3683,"SABADO STO DOMINGOTSACHILAS-CONSULADO",13,54,"CONSULADOS","ECUADOR",NA,NA
"265",3684,"SABADO TULCAN - CONSULADO",6,37,"CONSULADOS","ECUADOR",NA,NA
"266",3685,"STO DOMINGOTSACHILAS-CONSULADO",80,235,"CONSULADOS","ECUADOR",NA,NA
"267",3686,"TULCAN - CONSULADO",43,173,"CONSULADOS","ECUADOR",NA,NA
"268",3687,"VIERNES ESMERALDAS - CONSULADO",9,46,"CONSULADOS","ECUADOR",NA,NA
"269",3688,"VIERNES GUAYAQUIL - CONSULADO",26,95,"CONSULADOS","ECUADOR",NA,NA
"270",3689,"VIERNES NUEVA LOJA - CONSULADO",19,39,"CONSULADOS","ECUADOR",NA,NA
"271",3690,"VIERNES QUITO - CONSULADO",44,161,"CONSULADOS","ECUADOR",NA,NA
"272",3691,"VIERNES STO DOMINGOTSACHILAS-CONSULADO",11,42,"CONSULADOS","ECUADOR",NA,NA
"273",3692,"VIERNES TULCAN - CONSULADO",5,24,"CONSULADOS","ECUADOR",NA,NA
"274",3693,"EL CAIRO - EMBAJADA",5,5,"CONSULADOS","EGIPTO",NA,NA
"275",3694,"JUEVES EL CAIRO - EMBAJADA",2,2,"CONSULADOS","EGIPTO",NA,NA
"276",3695,"LUNES EL CAIRO - EMBAJADA",2,3,"CONSULADOS","EGIPTO",NA,NA
"277",3696,"MARTES EL CAIRO - EMBAJADA",4,5,"CONSULADOS","EGIPTO",NA,NA
"278",3697,"MIERCOLES EL CAIRO - EMBAJADA",3,3,"CONSULADOS","EGIPTO",NA,NA
"279",3698,"SABADO EL CAIRO - EMBAJADA",3,3,"CONSULADOS","EGIPTO",NA,NA
"280",3699,"VIERNES EL CAIRO - EMBAJADA",2,2,"CONSULADOS","EGIPTO",NA,NA
"281",4019,"JUEVES SAN SALVADOR - CONSULADO",6,7,"CONSULADOS","EL SALVADOR",NA,NA
"282",4020,"LUNES SAN SALVADOR - CONSULADO",6,10,"CONSULADOS","EL SALVADOR",NA,NA
"283",4021,"MARTES SAN SALVADOR - CONSULADO",4,5,"CONSULADOS","EL SALVADOR",NA,NA
"284",4022,"MIERCOLES SAN SALVADOR - CONSULADO",5,6,"CONSULADOS","EL SALVADOR",NA,NA
"285",4023,"SABADO SAN SALVADOR - CONSULADO",13,24,"CONSULADOS","EL SALVADOR",NA,NA
"286",4024,"SAN SALVADOR - CONSULADO",22,59,"CONSULADOS","EL SALVADOR",NA,NA
"287",4025,"VIERNES SAN SALVADOR - CONSULADO",8,11,"CONSULADOS","EL SALVADOR",NA,NA
"288",4111,"ABU DHABI - CONSULADO",41,75,"CONSULADOS","EMIRATOS ARABES UNIDOS",NA,NA
"289",4112,"JUEVES ABU DHABI - CONSULADO",29,95,"CONSULADOS","EMIRATOS ARABES UNIDOS",NA,NA
"290",4113,"LUNES ABU DHABI - CONSULADO",34,98,"CONSULADOS","EMIRATOS ARABES UNIDOS",NA,NA
"291",4114,"MARTES ABU DHABI - CONSULADO",26,80,"CONSULADOS","EMIRATOS ARABES UNIDOS",NA,NA
"292",4115,"MIERCOLES ABU DHABI - CONSULADO",15,36,"CONSULADOS","EMIRATOS ARABES UNIDOS",NA,NA
"293",4116,"SABADO ABU DHABI - CONSULADO",21,39,"CONSULADOS","EMIRATOS ARABES UNIDOS",NA,NA
"294",4117,"VIERNES ABU DHABI - CONSULADO",12,43,"CONSULADOS","EMIRATOS ARABES UNIDOS",NA,NA
"295",4149,"ALBACETE, CASTILLA DE LA MANCHA",31,79,"CONSULADOS","ESPAÑA",NA,NA
"296",4150,"BARCELONA - CONSULADO",659,1532,"CONSULADOS","ESPAÑA",NA,NA
"297",4151,"BILBAO - CONSULADO",190,439,"CONSULADOS","ESPAÑA",NA,NA
"298",4152,"JUEVES BARCELONA - CONSULADO",58,229,"CONSULADOS","ESPAÑA",NA,NA
"299",4153,"JUEVES BILBAO - CONSULADO",19,60,"CONSULADOS","ESPAÑA",NA,NA
"300",4154,"JUEVES MADRID - CONSULADO",122,394,"CONSULADOS","ESPAÑA",NA,NA
"301",4155,"JUEVES PALMA DE MALLORCA - CONSULADO",19,59,"CONSULADOS","ESPAÑA",NA,NA
"302",4156,"JUEVES PALMAS DE GRAN CANARIAS-CONSULADO",19,47,"CONSULADOS","ESPAÑA",NA,NA
"303",4157,"JUEVES SEVILLA - CONSULADO",14,32,"CONSULADOS","ESPAÑA",NA,NA
"304",4158,"JUEVES VALENCIA - CONSULADO",25,70,"CONSULADOS","ESPAÑA",NA,NA
"305",4159,"LUGO, PROVINCIA DE GALICIA",24,114,"CONSULADOS","ESPAÑA",NA,NA
"306",4160,"LUNES BARCELONA - CONSULADO",28,123,"CONSULADOS","ESPAÑA",NA,NA
"307",4161,"LUNES BILBAO - CONSULADO",7,31,"CONSULADOS","ESPAÑA",NA,NA
"308",4162,"LUNES MADRID - CONSULADO",58,202,"CONSULADOS","ESPAÑA",NA,NA
"309",4163,"LUNES PALMA DE MALLORCA - CONSULADO",10,28,"CONSULADOS","ESPAÑA",NA,NA
"310",4164,"LUNES PALMAS DE GRAN CANARIAS-CONSULADO",8,34,"CONSULADOS","ESPAÑA",NA,NA
"311",4165,"LUNES SEVILLA - CONSULADO",12,22,"CONSULADOS","ESPAÑA",NA,NA
"312",4166,"LUNES VALENCIA - CONSULADO",14,39,"CONSULADOS","ESPAÑA",NA,NA
"313",4167,"MADRID - CONSULADO",819,1733,"CONSULADOS","ESPAÑA",NA,NA
"314",4168,"MADRID - EMBAJADA",602,1140,"CONSULADOS","ESPAÑA",NA,NA
"315",4169,"MALAGA",34,191,"CONSULADOS","ESPAÑA",NA,NA
"316",4170,"MARTES BARCELONA - CONSULADO",49,202,"CONSULADOS","ESPAÑA",NA,NA
"317",4171,"MARTES BILBAO - CONSULADO",11,37,"CONSULADOS","ESPAÑA",NA,NA
"318",4172,"MARTES MADRID - CONSULADO",96,305,"CONSULADOS","ESPAÑA",NA,NA
"319",4173,"MARTES PALMA DE MALLORCA - CONSULADO",17,50,"CONSULADOS","ESPAÑA",NA,NA
"320",4174,"MARTES PALMAS DE GRAN CANARIAS-CONSULADO",11,32,"CONSULADOS","ESPAÑA",NA,NA
"321",4175,"MARTES SEVILLA - CONSULADO",15,27,"CONSULADOS","ESPAÑA",NA,NA
"322",4176,"MARTES VALENCIA - CONSULADO",23,91,"CONSULADOS","ESPAÑA",NA,NA
"323",4177,"MIERCOLES BARCELONA - CONSULADO",54,230,"CONSULADOS","ESPAÑA",NA,NA
"324",4178,"MIERCOLES BILBAO - CONSULADO",23,61,"CONSULADOS","ESPAÑA",NA,NA
"325",4179,"MIERCOLES MADRID - CONSULADO",107,376,"CONSULADOS","ESPAÑA",NA,NA
"326",4180,"MIERCOLES PALMA DE MALLORCA - CONSULADO",18,60,"CONSULADOS","ESPAÑA",NA,NA
"327",4181,"MIERCOLES PALMAS DE GRAN CANARIAS-CONSUL",12,31,"CONSULADOS","ESPAÑA",NA,NA
"328",4182,"MIERCOLES SEVILLA - CONSULADO",11,23,"CONSULADOS","ESPAÑA",NA,NA
"329",4183,"MIERCOLES VALENCIA - CONSULADO",19,65,"CONSULADOS","ESPAÑA",NA,NA
"330",4184,"MURCIA",63,285,"CONSULADOS","ESPAÑA",NA,NA
"331",4185,"PALMA DE MALLORCA - CONSULADO",100,230,"CONSULADOS","ESPAÑA",NA,NA
"332",4186,"PALMAS DE GRAN CANARIAS-CONSULADO",91,196,"CONSULADOS","ESPAÑA",NA,NA
"333",4187,"SABADO BARCELONA - CONSULADO",62,417,"CONSULADOS","ESPAÑA",NA,NA
"334",4188,"SABADO BILBAO - CONSULADO",35,85,"CONSULADOS","ESPAÑA",NA,NA
"335",4189,"SABADO MADRID - CONSULADO",201,845,"CONSULADOS","ESPAÑA",NA,NA
"336",4190,"SABADO PALMA DE MALLORCA - CONSULADO",25,81,"CONSULADOS","ESPAÑA",NA,NA
"337",4191,"SABADO PALMAS DE GRAN CANARIAS-CONSULADO",24,77,"CONSULADOS","ESPAÑA",NA,NA
"338",4192,"SABADO SEVILLA - CONSULADO",32,96,"CONSULADOS","ESPAÑA",NA,NA
"339",4193,"SABADO VALENCIA - CONSULADO",45,188,"CONSULADOS","ESPAÑA",NA,NA
"340",4194,"SANTA CRUZ DE TENERIFE",33,115,"CONSULADOS","ESPAÑA",NA,NA
"341",4195,"SEVILLA - CONSULADO",170,285,"CONSULADOS","ESPAÑA",NA,NA
"342",4196,"VALENCIA - CONSULADO",323,738,"CONSULADOS","ESPAÑA",NA,NA
"343",4197,"VALLADOLID,PROVINCIA DE CASTILLO Y LEÓN",30,110,"CONSULADOS","ESPAÑA",NA,NA
"344",4198,"VIERNES BARCELONA - CONSULADO",82,325,"CONSULADOS","ESPAÑA",NA,NA
"345",4199,"VIERNES BILBAO - CONSULADO",28,63,"CONSULADOS","ESPAÑA",NA,NA
"346",4200,"VIERNES MADRID - CONSULADO",143,523,"CONSULADOS","ESPAÑA",NA,NA
"347",4201,"VIERNES PALMA DE MALLORCA - CONSULADO",26,62,"CONSULADOS","ESPAÑA",NA,NA
"348",4202,"VIERNES PALMAS DE GRAN CANARIAS-CONSULAD",17,53,"CONSULADOS","ESPAÑA",NA,NA
"349",4203,"VIERNES SEVILLA - CONSULADO",22,58,"CONSULADOS","ESPAÑA",NA,NA
"350",4204,"VIERNES VALENCIA - CONSULADO",35,109,"CONSULADOS","ESPAÑA",NA,NA
"351",4221,"ATLANTA - CHARLOTTE",95,362,"CONSULADOS","ESTADOS UNIDOS",NA,NA
"352",4222,"ATLANTA - CONSULADO",286,787,"CONSULADOS","ESTADOS UNIDOS",NA,NA
"353",4223,"ATLANTA - GREENVILLE",63,192,"CONSULADOS","ESTADOS UNIDOS",NA,NA
"354",4224,"BOSTON - CIUDAD DE CENTRAL FALL",41,90,"CONSULADOS","ESTADOS UNIDOS",NA,NA
"355",4225,"BOSTON - CONSULADO",285,573,"CONSULADOS","ESTADOS UNIDOS",NA,NA
"356",4226,"CHICAGO - CONSULADO",138,321,"CONSULADOS","ESTADOS UNIDOS",NA,NA
"357",4227,"CHICAGO - MICHIGAN",22,69,"CONSULADOS","ESTADOS UNIDOS",NA,NA
"358",4228,"CHICAGO - MINNESOTA",27,73,"CONSULADOS","ESTADOS UNIDOS",NA,NA
"359",4229,"CHICAGO - MISSOURI",11,27,"CONSULADOS","ESTADOS UNIDOS",NA,NA
"360",4230,"HOUSTON - AUSTIN",30,87,"CONSULADOS","ESTADOS UNIDOS",NA,NA
"361",4231,"HOUSTON - CONSULADO",466,1366,"CONSULADOS","ESTADOS UNIDOS",NA,NA
"362",4232,"HOUSTON - DALLAS",98,326,"CONSULADOS","ESTADOS UNIDOS",NA,NA
"363",4233,"HOUSTON - EL PASO, TEXAS",11,20,"CONSULADOS","ESTADOS UNIDOS",NA,NA
"364",4234,"HOUSTON - NUEVA ORLEANS",22,87,"CONSULADOS","ESTADOS UNIDOS",NA,NA
"365",4235,"HOUSTON - OKLAHOMA CITY",24,41,"CONSULADOS","ESTADOS UNIDOS",NA,NA
"366",4236,"HOUSTON - SAN ANTONIO",36,120,"CONSULADOS","ESTADOS UNIDOS",NA,NA
"367",4237,"JUEVES ATLANTA - CONSULADO",43,119,"CONSULADOS","ESTADOS UNIDOS",NA,NA
"368",4238,"JUEVES BOSTON - CONSULADO",22,50,"CONSULADOS","ESTADOS UNIDOS",NA,NA
"369",4239,"JUEVES CHICAGO - CONSULADO",17,33,"CONSULADOS","ESTADOS UNIDOS",NA,NA
"370",4240,"JUEVES HOUSTON - CONSULADO",32,99,"CONSULADOS","ESTADOS UNIDOS",NA,NA
"371",4241,"JUEVES LOS ANGELES - CONSULADO",22,44,"CONSULADOS","ESTADOS UNIDOS",NA,NA
"372",4242,"JUEVES MIAMI DADE COLLEGE DOWNTOWN - CON",200,899,"CONSULADOS","ESTADOS UNIDOS",NA,NA
"373",4243,"JUEVES NEWARK - CONSULADO",16,33,"CONSULADOS","ESTADOS UNIDOS",NA,NA
"374",4244,"JUEVES NUEVA YORK - MANHATTAN CONSULADO",53,156,"CONSULADOS","ESTADOS UNIDOS",NA,NA
"375",4245,"JUEVES ORLANDO CONSULADO",63,264,"CONSULADOS","ESTADOS UNIDOS",NA,NA
"376",4246,"JUEVES SAN FRANCISCO - CONSULADO",10,23,"CONSULADOS","ESTADOS UNIDOS",NA,NA
"377",4247,"JUEVES WASHINGTON - CONSULADO",37,133,"CONSULADOS","ESTADOS UNIDOS",NA,NA
"378",4248,"LOS ANGELES - CONSULADO",161,396,"CONSULADOS","ESTADOS UNIDOS",NA,NA
"379",4249,"LOS ANGELES - PHOENIX",30,81,"CONSULADOS","ESTADOS UNIDOS",NA,NA
"380",4250,"LOS ANGELES - SAN DIEGO",34,125,"CONSULADOS","ESTADOS UNIDOS",NA,NA
"381",4251,"LUNES ATLANTA - CONSULADO",18,48,"CONSULADOS","ESTADOS UNIDOS",NA,NA
"382",4252,"LUNES BOSTON - CONSULADO",14,19,"CONSULADOS","ESTADOS UNIDOS",NA,NA
"383",4253,"LUNES CHICAGO - CONSULADO",16,25,"CONSULADOS","ESTADOS UNIDOS",NA,NA
"384",4254,"LUNES HOUSTON - CONSULADO",25,74,"CONSULADOS","ESTADOS UNIDOS",NA,NA
"385",4255,"LUNES LOS ANGELES - CONSULADO",8,17,"CONSULADOS","ESTADOS UNIDOS",NA,NA
"386",4256,"LUNES MIAMI DADE COLLEGE DOWNTOWN - CONS",94,486,"CONSULADOS","ESTADOS UNIDOS",NA,NA
"387",4257,"LUNES NEWARK - CONSULADO",16,23,"CONSULADOS","ESTADOS UNIDOS",NA,NA
"388",4258,"LUNES NUEVA YORK - MANHATTAN CONSULADO",41,85,"CONSULADOS","ESTADOS UNIDOS",NA,NA
"389",4259,"LUNES ORLANDO CONSULADO",26,100,"CONSULADOS","ESTADOS UNIDOS",NA,NA
"390",4260,"LUNES SAN FRANCISCO - CONSULADO",11,16,"CONSULADOS","ESTADOS UNIDOS",NA,NA
"391",4261,"LUNES WASHINGTON - CONSULADO",29,66,"CONSULADOS","ESTADOS UNIDOS",NA,NA
"392",4262,"MARTES ATLANTA - CONSULADO",16,39,"CONSULADOS","ESTADOS UNIDOS",NA,NA
"393",4263,"MARTES BOSTON - CONSULADO",27,53,"CONSULADOS","ESTADOS UNIDOS",NA,NA
"394",4264,"MARTES CHICAGO - CONSULADO",14,18,"CONSULADOS","ESTADOS UNIDOS",NA,NA
"395",4265,"MARTES HOUSTON - CONSULADO",25,95,"CONSULADOS","ESTADOS UNIDOS",NA,NA
"396",4266,"MARTES LOS ANGELES - CONSULADO",11,23,"CONSULADOS","ESTADOS UNIDOS",NA,NA
"397",4267,"MARTES MIAMI DADE COLLEGE DOWNTOWN - CON",130,712,"CONSULADOS","ESTADOS UNIDOS",NA,NA
"398",4268,"MARTES NEWARK - CONSULADO",18,32,"CONSULADOS","ESTADOS UNIDOS",NA,NA
"399",4269,"MARTES NUEVA YORK - MANHATTAN CONSULADO",65,124,"CONSULADOS","ESTADOS UNIDOS",NA,NA
"400",4270,"MARTES ORLANDO CONSULADO",61,192,"CONSULADOS","ESTADOS UNIDOS",NA,NA
"401",4271,"MARTES SAN FRANCISCO - CONSULADO",12,19,"CONSULADOS","ESTADOS UNIDOS",NA,NA
"402",4272,"MARTES WASHINGTON - CONSULADO",29,68,"CONSULADOS","ESTADOS UNIDOS",NA,NA
"403",4273,"MIAMI - HIALEAH",297,1108,"CONSULADOS","ESTADOS UNIDOS",NA,NA
"404",4274,"MIAMI - KENDALL",564,2494,"CONSULADOS","ESTADOS UNIDOS",NA,NA
"405",4275,"MIAMI - PLANTATION",493,1987,"CONSULADOS","ESTADOS UNIDOS",NA,NA
"406",4276,"MIAMI - SARASOTA",89,372,"CONSULADOS","ESTADOS UNIDOS",NA,NA
"407",4277,"MIAMI - WEST PALM BEACH",380,1737,"CONSULADOS","ESTADOS UNIDOS",NA,NA
"408",4278,"MIAMI - WESTON",729,3395,"CONSULADOS","ESTADOS UNIDOS",NA,NA
"409",4279,"MIAMI DADE COLLEGE DOWNTOWN - CONSULADO",958,2689,"CONSULADOS","ESTADOS UNIDOS",NA,NA
"410",4280,"MIERCOLES ATLANTA - CONSULADO",33,98,"CONSULADOS","ESTADOS UNIDOS",NA,NA
"411",4281,"MIERCOLES BOSTON - CONSULADO",20,29,"CONSULADOS","ESTADOS UNIDOS",NA,NA
"412",4282,"MIERCOLES CHICAGO - CONSULADO",22,37,"CONSULADOS","ESTADOS UNIDOS",NA,NA
"413",4283,"MIERCOLES HOUSTON - CONSULADO",46,140,"CONSULADOS","ESTADOS UNIDOS",NA,NA
"414",4284,"MIERCOLES LOS ANGELES - CONSULADO",15,30,"CONSULADOS","ESTADOS UNIDOS",NA,NA
"415",4285,"MIERCOLES MIAMI DADE COLLEGE DOWNTOWN -",162,893,"CONSULADOS","ESTADOS UNIDOS",NA,NA
"416",4286,"MIERCOLES NEWARK - CONSULADO",14,23,"CONSULADOS","ESTADOS UNIDOS",NA,NA
"417",4287,"MIERCOLES NUEVA YORK - MANHATTAN CONSULA",35,67,"CONSULADOS","ESTADOS UNIDOS",NA,NA
"418",4288,"MIERCOLES ORLANDO CONSULADO",72,254,"CONSULADOS","ESTADOS UNIDOS",NA,NA
"419",4289,"MIERCOLES SAN FRANCISCO - CONSULADO",11,18,"CONSULADOS","ESTADOS UNIDOS",NA,NA
"420",4290,"MIERCOLES WASHINGTON - CONSULADO",29,77,"CONSULADOS","ESTADOS UNIDOS",NA,NA
"421",4291,"NEWARK  - MORRISTOWN",133,386,"CONSULADOS","ESTADOS UNIDOS",NA,NA
"422",4292,"NEWARK - ATLANTIC CITY",27,61,"CONSULADOS","ESTADOS UNIDOS",NA,NA
"423",4293,"NEWARK - CONSULADO",41,77,"CONSULADOS","ESTADOS UNIDOS",NA,NA
"424",4294,"NEWARK - DOVER",111,447,"CONSULADOS","ESTADOS UNIDOS",NA,NA
"425",4295,"NEWARK - ELIZABETH",421,1274,"CONSULADOS","ESTADOS UNIDOS",NA,NA
"426",4296,"NEWARK - HACKENSACK",243,747,"CONSULADOS","ESTADOS UNIDOS",NA,NA
"427",4297,"NEWARK - PATERSON",145,385,"CONSULADOS","ESTADOS UNIDOS",NA,NA
"428",4298,"NEWARK - PHILADELPHIA",74,308,"CONSULADOS","ESTADOS UNIDOS",NA,NA
"429",4299,"NEWARK - TRENTON",25,56,"CONSULADOS","ESTADOS UNIDOS",NA,NA
"430",4300,"NEWARK - UNIÓN CITY",279,803,"CONSULADOS","ESTADOS UNIDOS",NA,NA
"431",4301,"NUEVA YORK - BRENTWOOD",155,453,"CONSULADOS","ESTADOS UNIDOS",NA,NA
"432",4302,"NUEVA YORK - ITHACA",8,19,"CONSULADOS","ESTADOS UNIDOS",NA,NA
"433",4303,"NUEVA YORK - LOS HAMPTON",31,86,"CONSULADOS","ESTADOS UNIDOS",NA,NA
"434",4304,"NUEVA YORK - MANHATTAN CONSULADO",418,722,"CONSULADOS","ESTADOS UNIDOS",NA,NA
"435",4305,"NUEVA YORK - PORT CHESTER",116,366,"CONSULADOS","ESTADOS UNIDOS",NA,NA
"436",4306,"NUEVA YORK - QUEENS",1023,2995,"CONSULADOS","ESTADOS UNIDOS",NA,NA
"437",4307,"NUEVA YORK - WHITE PLAINS",124,358,"CONSULADOS","ESTADOS UNIDOS",NA,NA
"438",4308,"NUEVA YORK-CONNECTICUT-BRIDGE",94,305,"CONSULADOS","ESTADOS UNIDOS",NA,NA
"439",4309,"ORLANDO CONSULADO",499,1286,"CONSULADOS","ESTADOS UNIDOS",NA,NA
"440",4310,"ORLANDO JACKSONVILLE",44,150,"CONSULADOS","ESTADOS UNIDOS",NA,NA
"441",4311,"ORLANDO TAMPA",337,1244,"CONSULADOS","ESTADOS UNIDOS",NA,NA
"442",4312,"SABADO ATLANTA - CONSULADO",56,236,"CONSULADOS","ESTADOS UNIDOS",NA,NA
"443",4313,"SABADO BOSTON - CONSULADO",51,187,"CONSULADOS","ESTADOS UNIDOS",NA,NA
"444",4314,"SABADO CHICAGO - CONSULADO",48,135,"CONSULADOS","ESTADOS UNIDOS",NA,NA
"445",4315,"SABADO HOUSTON - CONSULADO",68,306,"CONSULADOS","ESTADOS UNIDOS",NA,NA
"446",4316,"SABADO LOS ANGELES - CONSULADO",33,97,"CONSULADOS","ESTADOS UNIDOS",NA,NA
"447",4317,"SABADO MIAMI DADE COLLEGE DOWNTOWN - CON",237,1309,"CONSULADOS","ESTADOS UNIDOS",NA,NA
"448",4318,"SABADO NEWARK - CONSULADO",36,80,"CONSULADOS","ESTADOS UNIDOS",NA,NA
"449",4319,"SABADO NUEVA YORK - MANHATTAN CONSULADO",91,367,"CONSULADOS","ESTADOS UNIDOS",NA,NA
"450",4320,"SABADO ORLANDO CONSULADO",93,527,"CONSULADOS","ESTADOS UNIDOS",NA,NA
"451",4321,"SABADO SAN FRANCISCO - CONSULADO",36,126,"CONSULADOS","ESTADOS UNIDOS",NA,NA
"452",4322,"SABADO WASHINGTON - CONSULADO",71,282,"CONSULADOS","ESTADOS UNIDOS",NA,NA
"453",4323,"SAN FRANCISCO - ALASKA",13,36,"CONSULADOS","ESTADOS UNIDOS",NA,NA
"454",4324,"SAN FRANCISCO - CONSULADO",130,310,"CONSULADOS","ESTADOS UNIDOS",NA,NA
"455",4325,"SAN FRANCISCO - DENVER",43,117,"CONSULADOS","ESTADOS UNIDOS",NA,NA
"456",4326,"SAN FRANCISCO - SALT LAKE UTA",34,100,"CONSULADOS","ESTADOS UNIDOS",NA,NA
"457",4327,"SAN FRANCISCO - TACOMA",18,43,"CONSULADOS","ESTADOS UNIDOS",NA,NA
"458",4328,"SAN FRANCISCO-LAS VEGAS NEVADA",31,91,"CONSULADOS","ESTADOS UNIDOS",NA,NA
"459",4329,"VIERNES ATLANTA - CONSULADO",41,153,"CONSULADOS","ESTADOS UNIDOS",NA,NA
"460",4330,"VIERNES BOSTON - CONSULADO",36,89,"CONSULADOS","ESTADOS UNIDOS",NA,NA
"461",4331,"VIERNES CHICAGO - CONSULADO",30,64,"CONSULADOS","ESTADOS UNIDOS",NA,NA
"462",4332,"VIERNES HOUSTON - CONSULADO",60,225,"CONSULADOS","ESTADOS UNIDOS",NA,NA
"463",4333,"VIERNES LOS ANGELES - CONSULADO",20,41,"CONSULADOS","ESTADOS UNIDOS",NA,NA
"464",4334,"VIERNES MIAMI DADE COLLEGE DOWNTOWN - CO",213,1030,"CONSULADOS","ESTADOS UNIDOS",NA,NA
"465",4335,"VIERNES NEWARK - CONSULADO",25,38,"CONSULADOS","ESTADOS UNIDOS",NA,NA
"466",4336,"VIERNES NUEVA YORK - MANHATTAN CONSULADO",80,259,"CONSULADOS","ESTADOS UNIDOS",NA,NA
"467",4337,"VIERNES ORLANDO CONSULADO",82,385,"CONSULADOS","ESTADOS UNIDOS",NA,NA
"468",4338,"VIERNES SAN FRANCISCO - CONSULADO",18,50,"CONSULADOS","ESTADOS UNIDOS",NA,NA
"469",4339,"VIERNES WASHINGTON - CONSULADO",46,145,"CONSULADOS","ESTADOS UNIDOS",NA,NA
"470",4340,"WASHINGTON - CONSULADO",372,879,"CONSULADOS","ESTADOS UNIDOS",NA,NA
"471",4372,"HELSINKI EMBAJADA",7,13,"CONSULADOS","FINLANDIA",NA,NA
"472",4373,"JUEVES HELSINKI EMBAJADA",4,5,"CONSULADOS","FINLANDIA",NA,NA
"473",4374,"LUNES HELSINKI EMBAJADA",3,3,"CONSULADOS","FINLANDIA",NA,NA
"474",4375,"MARTES HELSINKI EMBAJADA",8,9,"CONSULADOS","FINLANDIA",NA,NA
"475",4376,"MIERCOLES HELSINKI EMBAJADA",9,11,"CONSULADOS","FINLANDIA",NA,NA
"476",4377,"SABADO HELSINKI EMBAJADA",9,15,"CONSULADOS","FINLANDIA",NA,NA
"477",4378,"VIERNES HELSINKI EMBAJADA",6,7,"CONSULADOS","FINLANDIA",NA,NA
"478",4512,"JUEVES PARIS - CONSULADO",57,138,"CONSULADOS","FRANCIA",NA,NA
"479",4513,"LUNES PARIS - CONSULADO",26,56,"CONSULADOS","FRANCIA",NA,NA
"480",4514,"MARTES PARIS - CONSULADO",32,79,"CONSULADOS","FRANCIA",NA,NA
"481",4515,"MIERCOLES PARIS - CONSULADO",38,101,"CONSULADOS","FRANCIA",NA,NA
"482",4516,"PARIS - CONSULADO",340,861,"CONSULADOS","FRANCIA",NA,NA
"483",4517,"PARIS - EMBAJADA",106,281,"CONSULADOS","FRANCIA",NA,NA
"484",4518,"PARIS - ESTRASBURGO",20,44,"CONSULADOS","FRANCIA",NA,NA
"485",4519,"PARIS - LYON",28,95,"CONSULADOS","FRANCIA",NA,NA
"486",4520,"PARIS - MONTPELLIER",30,63,"CONSULADOS","FRANCIA",NA,NA
"487",4521,"SABADO PARIS - CONSULADO",63,311,"CONSULADOS","FRANCIA",NA,NA
"488",4522,"VIERNES PARIS - CONSULADO",58,194,"CONSULADOS","FRANCIA",NA,NA
"489",4678,"SABADO ACCRA CONSULADO",1,1,"CONSULADOS","GHANA",NA,NA
"490",4679,"VIERNES ACCRA CONSULADO",3,4,"CONSULADOS","GHANA",NA,NA
"491",4780,"ATENAS CONSULADO HONORARIO",13,20,"CONSULADOS","GRECIA",NA,NA
"492",4949,"GUATEMALA - CONSULADO",46,108,"CONSULADOS","GUATEMALA",NA,NA
"493",4950,"JUEVES GUATEMALA - CONSULADO",8,15,"CONSULADOS","GUATEMALA",NA,NA
"494",4951,"LUNES GUATEMALA - CONSULADO",3,5,"CONSULADOS","GUATEMALA",NA,NA
"495",4952,"MARTES GUATEMALA - CONSULADO",10,24,"CONSULADOS","GUATEMALA",NA,NA
"496",4953,"MIERCOLES GUATEMALA - CONSULADO",11,19,"CONSULADOS","GUATEMALA",NA,NA
"497",4954,"SABADO GUATEMALA - CONSULADO",26,57,"CONSULADOS","GUATEMALA",NA,NA
"498",4955,"VIERNES GUATEMALA - CONSULADO",9,18,"CONSULADOS","GUATEMALA",NA,NA
"499",5036,"JUEVES TEGUCIGALPA - EMBAJADA",2,2,"CONSULADOS","HONDURAS",NA,NA
"500",5037,"LUNES TEGUCIGALPA - EMBAJADA",5,9,"CONSULADOS","HONDURAS",NA,NA
"501",5038,"MARTES TEGUCIGALPA - EMBAJADA",8,10,"CONSULADOS","HONDURAS",NA,NA
"502",5039,"MIERCOLES TEGUCIGALPA - EMBAJADA",5,9,"CONSULADOS","HONDURAS",NA,NA
"503",5040,"SABADO TEGUCIGALPA - EMBAJADA",10,21,"CONSULADOS","HONDURAS",NA,NA
"504",5041,"TEGUCIGALPA - EMBAJADA",18,33,"CONSULADOS","HONDURAS",NA,NA
"505",5042,"VIERNES TEGUCIGALPA - EMBAJADA",5,6,"CONSULADOS","HONDURAS",NA,NA
"506",5134,"LUNES NUEVA DELHI - EMBAJADA",1,2,"CONSULADOS","INDIA",NA,NA
"507",5135,"MARTES NUEVA DELHI - EMBAJADA",4,4,"CONSULADOS","INDIA",NA,NA
"508",5136,"NUEVA DELHI - EMBAJADA",4,4,"CONSULADOS","INDIA",NA,NA
"509",5137,"JAKARTA CONSULADO",3,3,"CONSULADOS","INDONESIA",NA,NA
"510",5138,"JUEVES JAKARTA CONSULADO",2,2,"CONSULADOS","INDONESIA",NA,NA
"511",5139,"LUNES JAKARTA CONSULADO",4,4,"CONSULADOS","INDONESIA",NA,NA
"512",5140,"MARTES JAKARTA CONSULADO",3,4,"CONSULADOS","INDONESIA",NA,NA
"513",5141,"MIERCOLES JAKARTA CONSULADO",6,9,"CONSULADOS","INDONESIA",NA,NA
"514",5142,"SABADO JAKARTA CONSULADO",1,2,"CONSULADOS","INDONESIA",NA,NA
"515",5143,"VIERNES JAKARTA CONSULADO",3,4,"CONSULADOS","INDONESIA",NA,NA
"516",5144,"JUEVES LONDRES - CONSULADO",55,187,"CONSULADOS","INGLATERRA",NA,NA
"517",5145,"LONDRES - CONSULADO",546,1303,"CONSULADOS","INGLATERRA",NA,NA
"518",5146,"LUNES LONDRES - CONSULADO",19,90,"CONSULADOS","INGLATERRA",NA,NA
"519",5147,"MARTES LONDRES - CONSULADO",36,116,"CONSULADOS","INGLATERRA",NA,NA
"520",5148,"MIERCOLES LONDRES - CONSULADO",39,138,"CONSULADOS","INGLATERRA",NA,NA
"521",5149,"SABADO LONDRES - CONSULADO",91,421,"CONSULADOS","INGLATERRA",NA,NA
"522",5150,"VIERNES LONDRES - CONSULADO",73,277,"CONSULADOS","INGLATERRA",NA,NA
"523",5192,"DUBLIN CONSULADO HONORARIO",29,63,"CONSULADOS","IRLANDA",NA,NA
"524",5197,"JUEVES TEL AVIV - CONSULADO",12,14,"CONSULADOS","ISRAEL",NA,NA
"525",5198,"LUNES TEL AVIV - CONSULADO",9,10,"CONSULADOS","ISRAEL",NA,NA
"526",5199,"MARTES TEL AVIV - CONSULADO",3,5,"CONSULADOS","ISRAEL",NA,NA
"527",5200,"MIERCOLES TEL AVIV - CONSULADO",7,14,"CONSULADOS","ISRAEL",NA,NA
"528",5201,"SABADO TEL AVIV - CONSULADO",12,14,"CONSULADOS","ISRAEL",NA,NA
"529",5202,"TEL AVIV - CONSULADO",15,27,"CONSULADOS","ISRAEL",NA,NA
"530",5203,"TEL AVIV - RAMALLA",3,5,"CONSULADOS","ISRAEL",NA,NA
"531",5204,"VIERNES TEL AVIV - CONSULADO",14,22,"CONSULADOS","ISRAEL",NA,NA
"532",5251,"FLORENCIA CONSULADO HONORARIO",17,33,"CONSULADOS","ITALIA",NA,NA
"533",5252,"GENOVA CONSULADO HONORARIO",2,3,"CONSULADOS","ITALIA",NA,NA
"534",5253,"JUEVES MILAN CONSULADO",16,26,"CONSULADOS","ITALIA",NA,NA
"535",5254,"JUEVES ROMA - CONSULADO",25,41,"CONSULADOS","ITALIA",NA,NA
"536",5255,"LUNES MILAN CONSULADO",12,22,"CONSULADOS","ITALIA",NA,NA
"537",5256,"LUNES ROMA - CONSULADO",17,42,"CONSULADOS","ITALIA",NA,NA
"538",5257,"MALTA - LA VALETA",12,12,"CONSULADOS","ITALIA",NA,NA
"539",5258,"MARTES MILAN CONSULADO",18,28,"CONSULADOS","ITALIA",NA,NA
"540",5259,"MARTES ROMA - CONSULADO",18,30,"CONSULADOS","ITALIA",NA,NA
"541",5260,"MIERCOLES MILAN CONSULADO",20,34,"CONSULADOS","ITALIA",NA,NA
"542",5261,"MIERCOLES ROMA - CONSULADO",29,62,"CONSULADOS","ITALIA",NA,NA
"543",5262,"MILAN CONSULADO",114,237,"CONSULADOS","ITALIA",NA,NA
"544",5263,"NAPOLES CONSULADO HONORARIO",3,4,"CONSULADOS","ITALIA",NA,NA
"545",5264,"ROMA - CONSULADO",96,189,"CONSULADOS","ITALIA",NA,NA
"546",5265,"SABADO MILAN CONSULADO",40,114,"CONSULADOS","ITALIA",NA,NA
"547",5266,"SABADO ROMA - CONSULADO",36,77,"CONSULADOS","ITALIA",NA,NA
"548",5267,"TURIN",21,63,"CONSULADOS","ITALIA",NA,NA
"549",5268,"VIERNES MILAN CONSULADO",27,58,"CONSULADOS","ITALIA",NA,NA
"550",5269,"VIERNES ROMA - CONSULADO",39,71,"CONSULADOS","ITALIA",NA,NA
"551",5288,"ISLAS CAIMAN",8,17,"CONSULADOS","JAMAICA",NA,NA
"552",5289,"JUEVES KINGSTON - CONSULADO",1,2,"CONSULADOS","JAMAICA",NA,NA
"553",5290,"KINGSTON - CONSULADO",9,13,"CONSULADOS","JAMAICA",NA,NA
"554",5291,"LUNES KINGSTON - CONSULADO",3,3,"CONSULADOS","JAMAICA",NA,NA
"555",5292,"MARTES KINGSTON - CONSULADO",1,1,"CONSULADOS","JAMAICA",NA,NA
"556",5293,"MIERCOLES KINGSTON - CONSULADO",1,1,"CONSULADOS","JAMAICA",NA,NA
"557",5294,"SABADO KINGSTON - CONSULADO",2,2,"CONSULADOS","JAMAICA",NA,NA
"558",5295,"VIERNES KINGSTON - CONSULADO",2,3,"CONSULADOS","JAMAICA",NA,NA
"559",5337,"JUEVES TOKIO - CONSULADO",6,10,"CONSULADOS","JAPON",NA,NA
"560",5338,"LUNES TOKIO - CONSULADO",2,2,"CONSULADOS","JAPON",NA,NA
"561",5339,"MARTES TOKIO - CONSULADO",1,1,"CONSULADOS","JAPON",NA,NA
"562",5340,"MIERCOLES TOKIO - CONSULADO",7,10,"CONSULADOS","JAPON",NA,NA
"563",5341,"SABADO TOKIO - CONSULADO",15,23,"CONSULADOS","JAPON",NA,NA
"564",5342,"TOKIO - CONSULADO",25,41,"CONSULADOS","JAPON",NA,NA
"565",5343,"TOKIO - NAGOYA",10,12,"CONSULADOS","JAPON",NA,NA
"566",5344,"TOKIO - OSAKA",12,22,"CONSULADOS","JAPON",NA,NA
"567",5345,"VIERNES TOKIO - CONSULADO",14,20,"CONSULADOS","JAPON",NA,NA
"568",5380,"JUEVES NAIROBI - EMBAJADA",2,2,"CONSULADOS","KENIA",NA,NA
"569",5381,"LUNES NAIROBI - EMBAJADA",2,2,"CONSULADOS","KENIA",NA,NA
"570",5382,"MIERCOLES NAIROBI - EMBAJADA",3,3,"CONSULADOS","KENIA",NA,NA
"571",5383,"NAIROBI - EMBAJADA",3,4,"CONSULADOS","KENIA",NA,NA
"572",5384,"SABADO NAIROBI - EMBAJADA",5,5,"CONSULADOS","KENIA",NA,NA
"573",5385,"VIERNES NAIROBI - EMBAJADA",2,2,"CONSULADOS","KENIA",NA,NA
"574",5705,"BEIRUT - CONSULADO",8,16,"CONSULADOS","LIBANO",NA,NA
"575",5713,"JUEVES BEIRUT - CONSULADO",3,4,"CONSULADOS","LIBANO",NA,NA
"576",5714,"LUNES BEIRUT - CONSULADO",5,7,"CONSULADOS","LIBANO",NA,NA
"577",5715,"MARTES BEIRUT - CONSULADO",2,6,"CONSULADOS","LIBANO",NA,NA
"578",5716,"MIERCOLES BEIRUT - CONSULADO",8,10,"CONSULADOS","LIBANO",NA,NA
"579",5717,"SABADO BEIRUT - CONSULADO",4,14,"CONSULADOS","LIBANO",NA,NA
"580",5721,"VIERNES BEIRUT - CONSULADO",8,13,"CONSULADOS","LIBANO",NA,NA
"581",5871,"LUXEMBURGO",9,23,"CONSULADOS","LUXEMBURGO",NA,NA
"582",6034,"JUEVES KUALALUMPUR - CONSULADO",3,4,"CONSULADOS","MALASIA",NA,NA
"583",6035,"KUALALUMPUR - CONSULADO",5,7,"CONSULADOS","MALASIA",NA,NA
"584",6036,"MARTES KUALALUMPUR - CONSULADO",5,7,"CONSULADOS","MALASIA",NA,NA
"585",6037,"MIERCOLES KUALALUMPUR - CONSULADO",4,4,"CONSULADOS","MALASIA",NA,NA
"586",6038,"SABADO KUALALUMPUR - CONSULADO",5,8,"CONSULADOS","MALASIA",NA,NA
"587",6210,"JUEVES RABAT CONSULADO",4,5,"CONSULADOS","MARRUECOS",NA,NA
"588",6211,"LUNES RABAT CONSULADO",1,1,"CONSULADOS","MARRUECOS",NA,NA
"589",6212,"RABAT CONSULADO",3,5,"CONSULADOS","MARRUECOS",NA,NA
"590",6213,"SABADO RABAT CONSULADO",2,2,"CONSULADOS","MARRUECOS",NA,NA
"591",6214,"VIERNES RABAT CONSULADO",2,3,"CONSULADOS","MARRUECOS",NA,NA
"592",6485,"GUADALAJARA CONSULADO",47,112,"CONSULADOS","MEXICO",NA,NA
"593",6486,"JUEVES GUADALAJARA CONSULADO",10,17,"CONSULADOS","MEXICO",NA,NA
"594",6487,"JUEVES MEXICO - CONSULADO",35,107,"CONSULADOS","MEXICO",NA,NA
"595",6488,"LUNES GUADALAJARA CONSULADO",5,5,"CONSULADOS","MEXICO",NA,NA
"596",6489,"LUNES MEXICO - CONSULADO",21,34,"CONSULADOS","MEXICO",NA,NA
"597",6490,"MARTES GUADALAJARA CONSULADO",4,5,"CONSULADOS","MEXICO",NA,NA
"598",6491,"MARTES MEXICO - CONSULADO",18,38,"CONSULADOS","MEXICO",NA,NA
"599",6492,"MEXICO - CONSULADO",306,860,"CONSULADOS","MEXICO",NA,NA
"600",6493,"MIERCOLES GUADALAJARA CONSULADO",6,8,"CONSULADOS","MEXICO",NA,NA
"601",6494,"MIERCOLES MEXICO - CONSULADO",30,68,"CONSULADOS","MEXICO",NA,NA
"602",6495,"MONTERREY",44,146,"CONSULADOS","MEXICO",NA,NA
"603",6496,"SABADO GUADALAJARA CONSULADO",30,54,"CONSULADOS","MEXICO",NA,NA
"604",6497,"SABADO MEXICO - CONSULADO",71,291,"CONSULADOS","MEXICO",NA,NA
"605",6498,"VIERNES GUADALAJARA CONSULADO",13,19,"CONSULADOS","MEXICO",NA,NA
"606",6499,"VIERNES MEXICO - CONSULADO",51,145,"CONSULADOS","MEXICO",NA,NA
"607",6886,"JUEVES MANAGUA - EMBAJADA",9,10,"CONSULADOS","NICARAGUA",NA,NA
"608",6887,"LUNES MANAGUA - EMBAJADA",5,8,"CONSULADOS","NICARAGUA",NA,NA
"609",6888,"MANAGUA - EMBAJADA",14,26,"CONSULADOS","NICARAGUA",NA,NA
"610",6889,"MARTES MANAGUA - EMBAJADA",4,6,"CONSULADOS","NICARAGUA",NA,NA
"611",6890,"MIERCOLES MANAGUA - EMBAJADA",6,9,"CONSULADOS","NICARAGUA",NA,NA
"612",6891,"SABADO MANAGUA - EMBAJADA",8,13,"CONSULADOS","NICARAGUA",NA,NA
"613",6892,"VIERNES MANAGUA - EMBAJADA",7,8,"CONSULADOS","NICARAGUA",NA,NA
"614",6911,"JUEVES OSLO - EMBAJADA",6,7,"CONSULADOS","NORUEGA",NA,NA
"615",6912,"LUNES OSLO - EMBAJADA",8,9,"CONSULADOS","NORUEGA",NA,NA
"616",6913,"MARTES OSLO - EMBAJADA",5,8,"CONSULADOS","NORUEGA",NA,NA
"617",6914,"MIERCOLES OSLO - EMBAJADA",5,6,"CONSULADOS","NORUEGA",NA,NA
"618",6915,"OSLO - EMBAJADA",11,24,"CONSULADOS","NORUEGA",NA,NA
"619",6916,"SABADO OSLO - EMBAJADA",8,9,"CONSULADOS","NORUEGA",NA,NA
"620",6917,"VIERNES OSLO - EMBAJADA",9,16,"CONSULADOS","NORUEGA",NA,NA
"621",6938,"AUCKLAND CONSULADO",21,68,"CONSULADOS","NUEVA ZELANDIA",NA,NA
"622",6939,"JUEVES AUCKLAND CONSULADO",16,30,"CONSULADOS","NUEVA ZELANDIA",NA,NA
"623",6940,"LUNES AUCKLAND CONSULADO",10,14,"CONSULADOS","NUEVA ZELANDIA",NA,NA
"624",6941,"MARTES AUCKLAND CONSULADO",6,15,"CONSULADOS","NUEVA ZELANDIA",NA,NA
"625",6942,"MIERCOLES AUCKLAND CONSULADO",12,18,"CONSULADOS","NUEVA ZELANDIA",NA,NA
"626",6943,"SABADO AUCKLAND CONSULADO",13,48,"CONSULADOS","NUEVA ZELANDIA",NA,NA
"627",6944,"VIERNES AUCKLAND CONSULADO",21,35,"CONSULADOS","NUEVA ZELANDIA",NA,NA
"628",7170,"AMSTERDAM CONSULADO",44,91,"CONSULADOS","PAISES BAJOS",NA,NA
"629",7171,"JUEVES AMSTERDAM CONSULADO",13,16,"CONSULADOS","PAISES BAJOS",NA,NA
"630",7172,"JUEVES LA HAYA EMBAJADA",10,15,"CONSULADOS","PAISES BAJOS",NA,NA
"631",7173,"LA HAYA EMBAJADA",29,64,"CONSULADOS","PAISES BAJOS",NA,NA
"632",7174,"LUNES AMSTERDAM CONSULADO",5,6,"CONSULADOS","PAISES BAJOS",NA,NA
"633",7175,"LUNES LA HAYA EMBAJADA",9,12,"CONSULADOS","PAISES BAJOS",NA,NA
"634",7176,"MARTES AMSTERDAM CONSULADO",6,8,"CONSULADOS","PAISES BAJOS",NA,NA
"635",7177,"MARTES LA HAYA EMBAJADA",12,14,"CONSULADOS","PAISES BAJOS",NA,NA
"636",7178,"MIERCOLES AMSTERDAM CONSULADO",9,11,"CONSULADOS","PAISES BAJOS",NA,NA
"637",7179,"MIERCOLES LA HAYA EMBAJADA",13,15,"CONSULADOS","PAISES BAJOS",NA,NA
"638",7180,"SABADO AMSTERDAM CONSULADO",21,62,"CONSULADOS","PAISES BAJOS",NA,NA
"639",7181,"SABADO LA HAYA EMBAJADA",28,118,"CONSULADOS","PAISES BAJOS",NA,NA
"640",7182,"VIERNES AMSTERDAM CONSULADO",11,26,"CONSULADOS","PAISES BAJOS",NA,NA
"641",7183,"VIERNES LA HAYA EMBAJADA",20,47,"CONSULADOS","PAISES BAJOS",NA,NA
"642",7313,"COLON - CONSULADO",50,87,"CONSULADOS","PANAMA",NA,NA
"643",7314,"JUEVES COLON - CONSULADO",7,13,"CONSULADOS","PANAMA",NA,NA
"644",7315,"JUEVES JAQUÉ CONSULADO",1,1,"CONSULADOS","PANAMA",NA,NA
"645",7316,"JUEVES PANAMA - CONSULADO",39,114,"CONSULADOS","PANAMA",NA,NA
"646",7317,"JUEVES PUERTO OBALDIA - CONSULADO",1,1,"CONSULADOS","PANAMA",NA,NA
"647",7318,"LUNES COLON - CONSULADO",5,6,"CONSULADOS","PANAMA",NA,NA
"648",7319,"LUNES JAQUÉ CONSULADO",5,5,"CONSULADOS","PANAMA",NA,NA
"649",7320,"LUNES PANAMA - CONSULADO",20,44,"CONSULADOS","PANAMA",NA,NA
"650",7321,"LUNES PUERTO OBALDIA - CONSULADO",3,3,"CONSULADOS","PANAMA",NA,NA
"651",7322,"MARTES COLON - CONSULADO",8,13,"CONSULADOS","PANAMA",NA,NA
"652",7323,"MARTES JAQUÉ CONSULADO",2,2,"CONSULADOS","PANAMA",NA,NA
"653",7324,"MARTES PANAMA - CONSULADO",33,72,"CONSULADOS","PANAMA",NA,NA
"654",7325,"MARTES PUERTO OBALDIA - CONSULADO",1,1,"CONSULADOS","PANAMA",NA,NA
"655",7326,"MIERCOLES COLON - CONSULADO",8,13,"CONSULADOS","PANAMA",NA,NA
"656",7327,"MIERCOLES JAQUÉ CONSULADO",3,3,"CONSULADOS","PANAMA",NA,NA
"657",7328,"MIERCOLES PANAMA - CONSULADO",28,105,"CONSULADOS","PANAMA",NA,NA
"658",7329,"MIERCOLES PUERTO OBALDIA - CONSULADO",2,2,"CONSULADOS","PANAMA",NA,NA
"659",7330,"PANAMA - CONSULADO",568,1268,"CONSULADOS","PANAMA",NA,NA
"660",7331,"PANAMA - DAVID",12,28,"CONSULADOS","PANAMA",NA,NA
"661",7332,"SABADO COLON - CONSULADO",9,16,"CONSULADOS","PANAMA",NA,NA
"662",7333,"SABADO PANAMA - CONSULADO",59,264,"CONSULADOS","PANAMA",NA,NA
"663",7334,"SABADO PUERTO OBALDIA - CONSULADO",1,1,"CONSULADOS","PANAMA",NA,NA
"664",7335,"VIERNES COLON - CONSULADO",11,20,"CONSULADOS","PANAMA",NA,NA
"665",7336,"VIERNES JAQUÉ CONSULADO",1,1,"CONSULADOS","PANAMA",NA,NA
"666",7337,"VIERNES PANAMA - CONSULADO",50,166,"CONSULADOS","PANAMA",NA,NA
"667",7338,"VIERNES PUERTO OBALDIA - CONSULADO",1,1,"CONSULADOS","PANAMA",NA,NA
"668",7341,"ASUNCION - EMBAJADA",19,34,"CONSULADOS","PARAGUAY",NA,NA
"669",7342,"JUEVES ASUNCION - EMBAJADA",4,6,"CONSULADOS","PARAGUAY",NA,NA
"670",7343,"LUNES ASUNCION - EMBAJADA",6,10,"CONSULADOS","PARAGUAY",NA,NA
"671",7344,"MARTES ASUNCION - EMBAJADA",10,11,"CONSULADOS","PARAGUAY",NA,NA
"672",7345,"MIERCOLES ASUNCION - EMBAJADA",7,9,"CONSULADOS","PARAGUAY",NA,NA
"673",7346,"SABADO ASUNCION - EMBAJADA",10,11,"CONSULADOS","PARAGUAY",NA,NA
"674",7347,"VIERNES ASUNCION - EMBAJADA",9,13,"CONSULADOS","PARAGUAY",NA,NA
"675",7571,"IQUITOS - CONSULADO",10,13,"CONSULADOS","PERU",NA,NA
"676",7572,"JUEVES IQUITOS - CONSULADO",4,4,"CONSULADOS","PERU",NA,NA
"677",7573,"JUEVES LIMA - CONSULADO",26,67,"CONSULADOS","PERU",NA,NA
"678",7574,"LIMA - CONSULADO",207,487,"CONSULADOS","PERU",NA,NA
"679",7575,"LUNES LIMA - CONSULADO",25,44,"CONSULADOS","PERU",NA,NA
"680",7576,"MARTES IQUITOS - CONSULADO",4,5,"CONSULADOS","PERU",NA,NA
"681",7577,"MARTES LIMA - CONSULADO",21,52,"CONSULADOS","PERU",NA,NA
"682",7578,"MIERCOLES IQUITOS - CONSULADO",5,5,"CONSULADOS","PERU",NA,NA
"683",7579,"MIERCOLES LIMA - CONSULADO",21,53,"CONSULADOS","PERU",NA,NA
"684",7580,"SABADO IQUITOS - CONSULADO",1,1,"CONSULADOS","PERU",NA,NA
"685",7581,"SABADO LIMA - CONSULADO",45,146,"CONSULADOS","PERU",NA,NA
"686",7582,"VIERNES IQUITOS - CONSULADO",1,1,"CONSULADOS","PERU",NA,NA
"687",7583,"VIERNES LIMA - CONSULADO",37,89,"CONSULADOS","PERU",NA,NA
"688",7796,"JUEVES VARSOVIA - CONSULADO",1,1,"CONSULADOS","POLONIA",NA,NA
"689",7797,"LUNES VARSOVIA - CONSULADO",3,3,"CONSULADOS","POLONIA",NA,NA
"690",7798,"MARTES VARSOVIA - CONSULADO",3,4,"CONSULADOS","POLONIA",NA,NA
"691",7799,"MIERCOLES VARSOVIA - CONSULADO",3,4,"CONSULADOS","POLONIA",NA,NA
"692",7800,"SABADO VARSOVIA - CONSULADO",12,17,"CONSULADOS","POLONIA",NA,NA
"693",7801,"VARSOVIA - CONSULADO",18,20,"CONSULADOS","POLONIA",NA,NA
"694",7802,"VIERNES VARSOVIA - CONSULADO",4,4,"CONSULADOS","POLONIA",NA,NA
"695",7870,"JUEVES LISBOA - EMBAJADA",8,13,"CONSULADOS","PORTUGAL",NA,NA
"696",7871,"LISBOA - EMBAJADA",15,27,"CONSULADOS","PORTUGAL",NA,NA
"697",7872,"LUNES LISBOA - EMBAJADA",9,10,"CONSULADOS","PORTUGAL",NA,NA
"698",7873,"MARTES LISBOA - EMBAJADA",11,16,"CONSULADOS","PORTUGAL",NA,NA
"699",7874,"MIERCOLES LISBOA - EMBAJADA",8,8,"CONSULADOS","PORTUGAL",NA,NA
"700",7875,"OPORTO CONSULADO HONORARIO",9,12,"CONSULADOS","PORTUGAL",NA,NA
"701",7876,"SABADO LISBOA - EMBAJADA",12,30,"CONSULADOS","PORTUGAL",NA,NA
"702",7877,"VIERNES LISBOA - EMBAJADA",10,22,"CONSULADOS","PORTUGAL",NA,NA
"703",7929,"PUESTO CABECERA MUNICIPAL",584,1812,"SAN ANDRES","PROVIDENCIA",NA,NA
"704",8144,"JUEVES SAN JUAN DE PUERTO RICO - CONSULA",13,18,"CONSULADOS","PUERTO RICO",NA,NA
"705",8149,"LUNES SAN JUAN DE PUERTO RICO - CONSULAD",8,9,"CONSULADOS","PUERTO RICO",NA,NA
"706",8151,"MARTES SAN JUAN DE PUERTO RICO - CONSULA",8,13,"CONSULADOS","PUERTO RICO",NA,NA
"707",8152,"MIERCOLES SAN JUAN DE PUERTO RICO - CONS",11,16,"CONSULADOS","PUERTO RICO",NA,NA
"708",8158,"SABADO SAN JUAN DE PUERTO RICO - CONSULA",20,57,"CONSULADOS","PUERTO RICO",NA,NA
"709",8159,"SAN JUAN DE PUERTO RICO - CONSULADO",50,96,"CONSULADOS","PUERTO RICO",NA,NA
"710",8160,"SAN JUAN DE PUERTO RICO-MAYAGUEZ",8,13,"CONSULADOS","PUERTO RICO",NA,NA
"711",8162,"VIERNES SAN JUAN DE PUERTO RICO - CONSUL",16,44,"CONSULADOS","PUERTO RICO",NA,NA
"712",8174,"CORREGIMIENTO DEPARTAMENTAL",62,254,"AMAZONAS","PUERTO SANTANDER",NA,NA
"713",8346,"JUEVES MANILA",3,3,"CONSULADOS","REPUBLICA DE FILIPINAS",NA,NA
"714",8347,"LUNES MANILA",6,8,"CONSULADOS","REPUBLICA DE FILIPINAS",NA,NA
"715",8348,"MANILA",7,11,"CONSULADOS","REPUBLICA DE FILIPINAS",NA,NA
"716",8349,"MARTES MANILA",2,2,"CONSULADOS","REPUBLICA DE FILIPINAS",NA,NA
"717",8350,"MIERCOLES MANILA",3,3,"CONSULADOS","REPUBLICA DE FILIPINAS",NA,NA
"718",8351,"SABADO MANILA",4,7,"CONSULADOS","REPUBLICA DE FILIPINAS",NA,NA
"719",8352,"VIERNES MANILA",5,5,"CONSULADOS","REPUBLICA DE FILIPINAS",NA,NA
"720",8353,"JUEVES SINGAPUR EMBAJADA",4,6,"CONSULADOS","REPUBLICA DE SINGAPUR",NA,NA
"721",8354,"LUNES SINGAPUR EMBAJADA",6,14,"CONSULADOS","REPUBLICA DE SINGAPUR",NA,NA
"722",8355,"MARTES SINGAPUR EMBAJADA",2,2,"CONSULADOS","REPUBLICA DE SINGAPUR",NA,NA
"723",8356,"MIERCOLES SINGAPUR EMBAJADA",4,4,"CONSULADOS","REPUBLICA DE SINGAPUR",NA,NA
"724",8357,"SABADO SINGAPUR EMBAJADA",8,11,"CONSULADOS","REPUBLICA DE SINGAPUR",NA,NA
"725",8358,"SINGAPUR EMBAJADA",10,13,"CONSULADOS","REPUBLICA DE SINGAPUR",NA,NA
"726",8359,"VIERNES SINGAPUR EMBAJADA",4,6,"CONSULADOS","REPUBLICA DE SINGAPUR",NA,NA
"727",8360,"JUEVES SANTO DOMINGO - EMBAJADA",15,32,"CONSULADOS","REPUBLICA DOMINICANA",NA,NA
"728",8361,"LUNES SANTO DOMINGO - EMBAJADA",5,8,"CONSULADOS","REPUBLICA DOMINICANA",NA,NA
"729",8362,"MARTES SANTO DOMINGO - EMBAJADA",10,19,"CONSULADOS","REPUBLICA DOMINICANA",NA,NA
"730",8363,"MIERCOLES SANTO DOMINGO - EMBAJADA",21,47,"CONSULADOS","REPUBLICA DOMINICANA",NA,NA
"731",8364,"PUERTO PRINCIPE - HAITI",13,20,"CONSULADOS","REPUBLICA DOMINICANA",NA,NA
"732",8365,"SABADO SANTO DOMINGO - EMBAJADA",19,48,"CONSULADOS","REPUBLICA DOMINICANA",NA,NA
"733",8366,"SANTO DOMINGO - EMBAJADA",83,240,"CONSULADOS","REPUBLICA DOMINICANA",NA,NA
"734",8367,"VIERNES SANTO DOMINGO - EMBAJADA",22,67,"CONSULADOS","REPUBLICA DOMINICANA",NA,NA
"735",8368,"SABADO HANOI CONSULADO",2,2,"CONSULADOS","REPUBLICA SOCIALISTA DEVIETNAM",NA,NA
"736",8369,"VIERNES HANOI CONSULADO",4,5,"CONSULADOS","REPUBLICA SOCIALISTA DEVIETNAM",NA,NA
"737",8667,"JUEVES MOSCU - EMBAJADA",8,9,"CONSULADOS","RUSIA",NA,NA
"738",8668,"LUNES MOSCU - EMBAJADA",6,7,"CONSULADOS","RUSIA",NA,NA
"739",8669,"MARTES MOSCU - EMBAJADA",2,2,"CONSULADOS","RUSIA",NA,NA
"740",8670,"MIERCOLES MOSCU - EMBAJADA",4,6,"CONSULADOS","RUSIA",NA,NA
"741",8671,"MOSCU - EMBAJADA",20,34,"CONSULADOS","RUSIA",NA,NA
"742",8672,"SABADO MOSCU - EMBAJADA",6,8,"CONSULADOS","RUSIA",NA,NA
"743",8673,"VIERNES MOSCU - EMBAJADA",7,8,"CONSULADOS","RUSIA",NA,NA
"744",8885,"CRUCES",34,58,"ANTIOQUIA","SAN ANDRES",NA,NA
"745",8886,"EL PEÑOL",24,66,"ANTIOQUIA","SAN ANDRES",NA,NA
"746",8889,"GUAYABAL",21,50,"ANTIOQUIA","SAN ANDRES",NA,NA
"747",8892,"LA CIENAGA",20,64,"ANTIOQUIA","SAN ANDRES",NA,NA
"748",8897,"MONTAÑADENTRO",13,44,"ANTIOQUIA","SAN ANDRES",NA,NA
"749",8900,"PUESTO CABECERA MUNICIPAL",410,1488,"ANTIOQUIA","SAN ANDRES",NA,NA
"750",8902,"SAN MIGUEL",26,78,"ANTIOQUIA","SAN ANDRES",NA,NA
"751",8905,"SANTA GERTRUDIS",24,82,"ANTIOQUIA","SAN ANDRES",NA,NA
"752",9350,"CEREZALES",24,55,"ANTIOQUIA","SAN PEDRO",NA,NA
"753",9351,"EL ESPINAL",21,51,"ANTIOQUIA","SAN PEDRO",NA,NA
"754",9359,"OVEJAS",153,423,"ANTIOQUIA","SAN PEDRO",NA,NA
"755",9360,"PANTANILLO",104,326,"ANTIOQUIA","SAN PEDRO",NA,NA
"756",9364,"PUESTO CABECERA MUNICIPAL",2449,7459,"ANTIOQUIA","SAN PEDRO",NA,NA
"757",10170,"CAPE TOWN CONSULADO HONORARIO",16,31,"CONSULADOS","SUDAFRICA",NA,NA
"758",10171,"JUEVES PRETORIA - EMBAJADA",1,1,"CONSULADOS","SUDAFRICA",NA,NA
"759",10172,"LUNES PRETORIA - EMBAJADA",5,6,"CONSULADOS","SUDAFRICA",NA,NA
"760",10173,"MIERCOLES PRETORIA - EMBAJADA",2,2,"CONSULADOS","SUDAFRICA",NA,NA
"761",10174,"PRETORIA - EMBAJADA",10,16,"CONSULADOS","SUDAFRICA",NA,NA
"762",10175,"SABADO PRETORIA - EMBAJADA",4,6,"CONSULADOS","SUDAFRICA",NA,NA
"763",10176,"VIERNES PRETORIA - EMBAJADA",4,5,"CONSULADOS","SUDAFRICA",NA,NA
"764",10177,"ESTOCOLMO - CONSULADO",57,135,"CONSULADOS","SUECIA",NA,NA
"765",10178,"JUEVES ESTOCOLMO - CONSULADO",12,21,"CONSULADOS","SUECIA",NA,NA
"766",10179,"LUNES ESTOCOLMO - CONSULADO",9,14,"CONSULADOS","SUECIA",NA,NA
"767",10180,"MARTES ESTOCOLMO - CONSULADO",11,21,"CONSULADOS","SUECIA",NA,NA
"768",10181,"MIERCOLES ESTOCOLMO - CONSULADO",12,22,"CONSULADOS","SUECIA",NA,NA
"769",10182,"SABADO ESTOCOLMO - CONSULADO",24,48,"CONSULADOS","SUECIA",NA,NA
"770",10183,"VIERNES ESTOCOLMO - CONSULADO",21,36,"CONSULADOS","SUECIA",NA,NA
"771",10187,"BERNA - CONSULADO",71,175,"CONSULADOS","SUIZA",NA,NA
"772",10188,"GINEBRA",131,522,"CONSULADOS","SUIZA",NA,NA
"773",10189,"JUEVES BERNA - CONSULADO",13,19,"CONSULADOS","SUIZA",NA,NA
"774",10190,"LUGANO",24,54,"CONSULADOS","SUIZA",NA,NA
"775",10191,"LUNES BERNA - CONSULADO",9,10,"CONSULADOS","SUIZA",NA,NA
"776",10192,"MARTES BERNA - CONSULADO",8,17,"CONSULADOS","SUIZA",NA,NA
"777",10193,"MIERCOLES BERNA - CONSULADO",8,11,"CONSULADOS","SUIZA",NA,NA
"778",10194,"SABADO BERNA - CONSULADO",22,46,"CONSULADOS","SUIZA",NA,NA
"779",10195,"VIERNES BERNA - CONSULADO",14,23,"CONSULADOS","SUIZA",NA,NA
"780",10196,"ZURICH",52,206,"CONSULADOS","SUIZA",NA,NA
"781",10228,"BANGKOK CONSULADO",7,7,"CONSULADOS","TAILANDIA",NA,NA
"782",10229,"LUNES BANGKOK CONSULADO",2,4,"CONSULADOS","TAILANDIA",NA,NA
"783",10230,"MARTES BANGKOK CONSULADO",4,5,"CONSULADOS","TAILANDIA",NA,NA
"784",10231,"MIERCOLES BANGKOK CONSULADO",3,3,"CONSULADOS","TAILANDIA",NA,NA
"785",10232,"SABADO BANGKOK CONSULADO",2,3,"CONSULADOS","TAILANDIA",NA,NA
"786",10233,"VIERNES BANGKOK CONSULADO",5,6,"CONSULADOS","TAILANDIA",NA,NA
"787",10560,"JUEVES PUERTO ESPAÑA - CONSULADO",4,4,"CONSULADOS","TRINIDAD Y TOBAGO",NA,NA
"788",10561,"LUNES PUERTO ESPAÑA - CONSULADO",2,2,"CONSULADOS","TRINIDAD Y TOBAGO",NA,NA
"789",10562,"MARTES PUERTO ESPAÑA - CONSULADO",4,5,"CONSULADOS","TRINIDAD Y TOBAGO",NA,NA
"790",10563,"MIERCOLES PUERTO ESPAÑA - CONSULADO",1,1,"CONSULADOS","TRINIDAD Y TOBAGO",NA,NA
"791",10564,"PUERTO ESPAÑA - CONSULADO",12,17,"CONSULADOS","TRINIDAD Y TOBAGO",NA,NA
"792",10565,"SABADO PUERTO ESPAÑA - CONSULADO",5,7,"CONSULADOS","TRINIDAD Y TOBAGO",NA,NA
"793",10566,"VIERNES PUERTO ESPAÑA - CONSULADO",1,1,"CONSULADOS","TRINIDAD Y TOBAGO",NA,NA
"794",10938,"ANKARA CONSULADO",3,4,"CONSULADOS","TURQUIA",NA,NA
"795",10939,"ESTAMBUL",20,39,"CONSULADOS","TURQUIA",NA,NA
"796",10940,"LUNES ANKARA CONSULADO",3,3,"CONSULADOS","TURQUIA",NA,NA
"797",10941,"MARTES ANKARA CONSULADO",3,3,"CONSULADOS","TURQUIA",NA,NA
"798",10942,"MIERCOLES ANKARA CONSULADO",4,4,"CONSULADOS","TURQUIA",NA,NA
"799",10943,"SABADO ANKARA CONSULADO",3,3,"CONSULADOS","TURQUIA",NA,NA
"800",10944,"VIERNES ANKARA CONSULADO",4,5,"CONSULADOS","TURQUIA",NA,NA
"801",11027,"JUEVES MONTEVIDEO - CONSULADO",6,9,"CONSULADOS","URUGUAY",NA,NA
"802",11028,"LUNES MONTEVIDEO - CONSULADO",6,7,"CONSULADOS","URUGUAY",NA,NA
"803",11029,"MARTES MONTEVIDEO - CONSULADO",5,9,"CONSULADOS","URUGUAY",NA,NA
"804",11030,"MIERCOLES MONTEVIDEO - CONSULADO",8,13,"CONSULADOS","URUGUAY",NA,NA
"805",11031,"MONTEVIDEO - CONSULADO",23,40,"CONSULADOS","URUGUAY",NA,NA
"806",11032,"SABADO MONTEVIDEO - CONSULADO",19,37,"CONSULADOS","URUGUAY",NA,NA
"807",11033,"VIERNES MONTEVIDEO - CONSULADO",10,18,"CONSULADOS","URUGUAY",NA,NA
"808",11103,"BARINAS - CONSULADO",174,377,"CONSULADOS","VENEZUELA",NA,NA
"809",11104,"BARINAS - EZEQUIEL MORA",13,44,"CONSULADOS","VENEZUELA",NA,NA
"810",11105,"BARQUISIMETO - CONSULADO",167,403,"CONSULADOS","VENEZUELA",NA,NA
"811",11106,"CARACAS - CONSULADO",1112,1915,"CONSULADOS","VENEZUELA",NA,NA
"812",11107,"EL AMPARO - CONSULADO",60,173,"CONSULADOS","VENEZUELA",NA,NA
"813",11108,"JUEVES BARINAS - CONSULADO",32,438,"CONSULADOS","VENEZUELA",NA,NA
"814",11109,"JUEVES BARQUISIMETO - CONSULADO",15,56,"CONSULADOS","VENEZUELA",NA,NA
"815",11110,"JUEVES CARACAS - CONSULADO",83,191,"CONSULADOS","VENEZUELA",NA,NA
"816",11111,"JUEVES EL AMPARO - CONSULADO",6,8,"CONSULADOS","VENEZUELA",NA,NA
"817",11112,"JUEVES MACHIQUES - CONSULADO",13,359,"CONSULADOS","VENEZUELA",NA,NA
"818",11113,"JUEVES MARACAIBO - CONSULADO",47,270,"CONSULADOS","VENEZUELA",NA,NA
"819",11114,"JUEVES MERIDA - CONSULADO",21,43,"CONSULADOS","VENEZUELA",NA,NA
"820",11115,"JUEVES PUERTO AYACUCHO - CONSULADO",6,66,"CONSULADOS","VENEZUELA",NA,NA
"821",11116,"JUEVES PUERTO LA CRUZ - CONSULADO",5,9,"CONSULADOS","VENEZUELA",NA,NA
"822",11117,"JUEVES PUERTO ORDAZ - CONSULADO",15,18,"CONSULADOS","VENEZUELA",NA,NA
"823",11118,"JUEVES SAN ANTONIO DEL TACHIRA - CONSULA",38,135,"CONSULADOS","VENEZUELA",NA,NA
"824",11119,"JUEVES SAN CARLOS DEL ZULIA - CONSULADO",28,169,"CONSULADOS","VENEZUELA",NA,NA
"825",11120,"JUEVES SAN CRISTOBAL - CONSULADO",66,446,"CONSULADOS","VENEZUELA",NA,NA
"826",11121,"JUEVES SAN FERNANDO DE ATABAPO - CONSULA",3,126,"CONSULADOS","VENEZUELA",NA,NA
"827",11122,"JUEVES VALENCIA - CONSULADO",36,233,"CONSULADOS","VENEZUELA",NA,NA
"828",11123,"LUNES BARINAS - CONSULADO",14,28,"CONSULADOS","VENEZUELA",NA,NA
"829",11124,"LUNES BARQUISIMETO - CONSULADO",15,42,"CONSULADOS","VENEZUELA",NA,NA
"830",11125,"LUNES CARACAS - CONSULADO",77,290,"CONSULADOS","VENEZUELA",NA,NA
"831",11126,"LUNES EL AMPARO - CONSULADO",1,4,"CONSULADOS","VENEZUELA",NA,NA
"832",11127,"LUNES MACHIQUES - CONSULADO",16,207,"CONSULADOS","VENEZUELA",NA,NA
"833",11128,"LUNES MARACAIBO - CONSULADO",21,39,"CONSULADOS","VENEZUELA",NA,NA
"834",11129,"LUNES MERIDA - CONSULADO",11,16,"CONSULADOS","VENEZUELA",NA,NA
"835",11130,"LUNES PUERTO AYACUCHO - CONSULADO",12,138,"CONSULADOS","VENEZUELA",NA,NA
"836",11131,"LUNES PUERTO LA CRUZ - CONSULADO",4,5,"CONSULADOS","VENEZUELA",NA,NA
"837",11132,"LUNES PUERTO ORDAZ - CONSULADO",8,14,"CONSULADOS","VENEZUELA",NA,NA
"838",11133,"LUNES SAN ANTONIO DEL TACHIRA - CONSULAD",24,96,"CONSULADOS","VENEZUELA",NA,NA
"839",11134,"LUNES SAN CARLOS DEL ZULIA - CONSULADO",26,149,"CONSULADOS","VENEZUELA",NA,NA
"840",11135,"LUNES SAN CRISTOBAL - CONSULADO",48,197,"CONSULADOS","VENEZUELA",NA,NA
"841",11136,"LUNES SAN FERNANDO DE ATABAPO - CONSULAD",3,79,"CONSULADOS","VENEZUELA",NA,NA
"842",11137,"LUNES VALENCIA - CONSULADO",22,181,"CONSULADOS","VENEZUELA",NA,NA
"843",11138,"MACHIQUES - CONSULADO",128,462,"CONSULADOS","VENEZUELA",NA,NA
"844",11139,"MACHIQUES - LA VILLA",23,304,"CONSULADOS","VENEZUELA",NA,NA
"845",11140,"MARACAIBO - CABIMAS",11,71,"CONSULADOS","VENEZUELA",NA,NA
"846",11141,"MARACAIBO - CIUDAD OJEDA",2,4,"CONSULADOS","VENEZUELA",NA,NA
"847",11142,"MARACAIBO - CONSULADO",787,4252,"CONSULADOS","VENEZUELA",NA,NA
"848",11143,"MARACAIBO - SAN FRANCISCO",36,185,"CONSULADOS","VENEZUELA",NA,NA
"849",11144,"MARTES BARINAS - CONSULADO",11,30,"CONSULADOS","VENEZUELA",NA,NA
"850",11145,"MARTES BARQUISIMETO - CONSULADO",10,67,"CONSULADOS","VENEZUELA",NA,NA
"851",11146,"MARTES CARACAS - CONSULADO",63,154,"CONSULADOS","VENEZUELA",NA,NA
"852",11147,"MARTES EL AMPARO - CONSULADO",2,2,"CONSULADOS","VENEZUELA",NA,NA
"853",11148,"MARTES MACHIQUES - CONSULADO",19,395,"CONSULADOS","VENEZUELA",NA,NA
"854",11149,"MARTES MARACAIBO - CONSULADO",35,199,"CONSULADOS","VENEZUELA",NA,NA
"855",11150,"MARTES MERIDA - CONSULADO",16,27,"CONSULADOS","VENEZUELA",NA,NA
"856",11151,"MARTES PUERTO AYACUCHO - CONSULADO",13,68,"CONSULADOS","VENEZUELA",NA,NA
"857",11152,"MARTES PUERTO LA CRUZ - CONSULADO",7,11,"CONSULADOS","VENEZUELA",NA,NA
"858",11153,"MARTES PUERTO ORDAZ - CONSULADO",8,12,"CONSULADOS","VENEZUELA",NA,NA
"859",11154,"MARTES SAN ANTONIO DEL TACHIRA - CONSULA",27,117,"CONSULADOS","VENEZUELA",NA,NA
"860",11155,"MARTES SAN CARLOS DEL ZULIA - CONSULADO",28,173,"CONSULADOS","VENEZUELA",NA,NA
"861",11156,"MARTES SAN CRISTOBAL - CONSULADO",52,347,"CONSULADOS","VENEZUELA",NA,NA
"862",11157,"MARTES SAN FERNANDO DE ATABAPO - CONSULA",3,141,"CONSULADOS","VENEZUELA",NA,NA
"863",11158,"MARTES VALENCIA - CONSULADO",32,234,"CONSULADOS","VENEZUELA",NA,NA
"864",11159,"MERIDA - BAILADORES",18,85,"CONSULADOS","VENEZUELA",NA,NA
"865",11160,"MERIDA - CONSULADO",181,305,"CONSULADOS","VENEZUELA",NA,NA
"866",11161,"MERIDA - EL VIGIA",38,116,"CONSULADOS","VENEZUELA",NA,NA
"867",11162,"MERIDA - PUEBLO LLANO",6,21,"CONSULADOS","VENEZUELA",NA,NA
"868",11163,"MIERCOLES BARINAS - CONSULADO",29,549,"CONSULADOS","VENEZUELA",NA,NA
"869",11164,"MIERCOLES BARQUISIMETO - CONSULADO",16,80,"CONSULADOS","VENEZUELA",NA,NA
"870",11165,"MIERCOLES CARACAS - CONSULADO",69,144,"CONSULADOS","VENEZUELA",NA,NA
"871",11166,"MIERCOLES EL AMPARO - CONSULADO",2,6,"CONSULADOS","VENEZUELA",NA,NA
"872",11167,"MIERCOLES MACHIQUES - CONSULADO",11,433,"CONSULADOS","VENEZUELA",NA,NA
"873",11168,"MIERCOLES MARACAIBO - CONSULADO",40,164,"CONSULADOS","VENEZUELA",NA,NA
"874",11169,"MIERCOLES MERIDA - CONSULADO",17,27,"CONSULADOS","VENEZUELA",NA,NA
"875",11170,"MIERCOLES PUERTO AYACUCHO - CONSULADO",8,63,"CONSULADOS","VENEZUELA",NA,NA
"876",11171,"MIERCOLES PUERTO LA CRUZ - CONSULADO",9,15,"CONSULADOS","VENEZUELA",NA,NA
"877",11172,"MIERCOLES PUERTO ORDAZ - CONSULADO",10,22,"CONSULADOS","VENEZUELA",NA,NA
"878",11173,"MIERCOLES SAN ANTONIO DEL TACHIRA - CONS",34,140,"CONSULADOS","VENEZUELA",NA,NA
"879",11174,"MIERCOLES SAN CARLOS DEL ZULIA - CONSULA",23,219,"CONSULADOS","VENEZUELA",NA,NA
"880",11175,"MIERCOLES SAN CRISTOBAL - CONSULADO",59,360,"CONSULADOS","VENEZUELA",NA,NA
"881",11176,"MIERCOLES SAN FERNANDO DE ATABAPO - CONS",2,116,"CONSULADOS","VENEZUELA",NA,NA
"882",11177,"MIERCOLES VALENCIA - CONSULADO",33,208,"CONSULADOS","VENEZUELA",NA,NA
"883",11178,"PUERTO AYACUCHO - CONSULADO",34,104,"CONSULADOS","VENEZUELA",NA,NA
"884",11179,"PUERTO AYACUCHO - SAN FERNANDO DE APURE",7,35,"CONSULADOS","VENEZUELA",NA,NA
"885",11180,"PUERTO LA CRUZ - CONSULADO",52,85,"CONSULADOS","VENEZUELA",NA,NA
"886",11181,"PUERTO LA CRUZ - EL TIGRE",1,3,"CONSULADOS","VENEZUELA",NA,NA
"887",11182,"PUERTO LA CRUZ - MATURIN",3,3,"CONSULADOS","VENEZUELA",NA,NA
"888",11183,"PUERTO LA CRUZ - PORLAMAR",4,4,"CONSULADOS","VENEZUELA",NA,NA
"889",11184,"PUERTO ORDAZ - BOLÍVAR",8,14,"CONSULADOS","VENEZUELA",NA,NA
"890",11185,"PUERTO ORDAZ - CONSULADO",52,113,"CONSULADOS","VENEZUELA",NA,NA
"891",11186,"SABADO BARINAS - CONSULADO",33,621,"CONSULADOS","VENEZUELA",NA,NA
"892",11187,"SABADO BARQUISIMETO - CONSULADO",28,108,"CONSULADOS","VENEZUELA",NA,NA
"893",11188,"SABADO CARACAS - CONSULADO",130,429,"CONSULADOS","VENEZUELA",NA,NA
"894",11189,"SABADO EL AMPARO - CONSULADO",10,35,"CONSULADOS","VENEZUELA",NA,NA
"895",11190,"SABADO MACHIQUES - CONSULADO",30,443,"CONSULADOS","VENEZUELA",NA,NA
"896",11191,"SABADO MARACAIBO - CONSULADO",50,323,"CONSULADOS","VENEZUELA",NA,NA
"897",11192,"SABADO MERIDA - CONSULADO",28,68,"CONSULADOS","VENEZUELA",NA,NA
"898",11193,"SABADO PUERTO AYACUCHO - CONSULADO",6,71,"CONSULADOS","VENEZUELA",NA,NA
"899",11194,"SABADO PUERTO LA CRUZ - CONSULADO",11,15,"CONSULADOS","VENEZUELA",NA,NA
"900",11195,"SABADO PUERTO ORDAZ - CONSULADO",13,38,"CONSULADOS","VENEZUELA",NA,NA
"901",11196,"SABADO SAN ANTONIO DEL TACHIRA - CONSULA",44,190,"CONSULADOS","VENEZUELA",NA,NA
"902",11197,"SABADO SAN CARLOS DEL ZULIA - CONSULADO",44,341,"CONSULADOS","VENEZUELA",NA,NA
"903",11198,"SABADO SAN CRISTOBAL - CONSULADO",83,563,"CONSULADOS","VENEZUELA",NA,NA
"904",11199,"SABADO SAN FERNANDO DE ATABAPO - CONSULA",5,30,"CONSULADOS","VENEZUELA",NA,NA
"905",11200,"SABADO VALENCIA - CONSULADO",57,379,"CONSULADOS","VENEZUELA",NA,NA
"906",11201,"SAN ANTONIO DEL TACHIRA - CONSULADO",232,590,"CONSULADOS","VENEZUELA",NA,NA
"907",11202,"SAN ANTONIO DEL TACHIRA- RUBIO",30,65,"CONSULADOS","VENEZUELA",NA,NA
"908",11203,"SAN CARLOS DEL ZULIA - CONSULADO",278,734,"CONSULADOS","VENEZUELA",NA,NA
"909",11204,"SAN CARLOS DEL ZULIA -EL CHIVO",46,158,"CONSULADOS","VENEZUELA",NA,NA
"910",11205,"SAN CRISTOBAL - CONSULADO",606,1564,"CONSULADOS","VENEZUELA",NA,NA
"911",11206,"SAN CRISTÓBAL - FERNÁNDEZ FEO",26,68,"CONSULADOS","VENEZUELA",NA,NA
"912",11207,"SAN CRISTÓBAL - JAUREGUI",3,5,"CONSULADOS","VENEZUELA",NA,NA
"913",11208,"SAN CRISTÓBAL - TORBES",17,32,"CONSULADOS","VENEZUELA",NA,NA
"914",11209,"SAN CRISTÓBAL -GARCÍA DE HEVIA",43,126,"CONSULADOS","VENEZUELA",NA,NA
"915",11210,"SAN FERNANDO DE ATABAPO - CONSULADO",9,72,"CONSULADOS","VENEZUELA",NA,NA
"916",11211,"VALENCIA - CONSULADO",507,1024,"CONSULADOS","VENEZUELA",NA,NA
"917",11212,"VIERNES BARINAS - CONSULADO",40,342,"CONSULADOS","VENEZUELA",NA,NA
"918",11213,"VIERNES BARQUISIMETO - CONSULADO",17,79,"CONSULADOS","VENEZUELA",NA,NA
"919",11214,"VIERNES CARACAS - CONSULADO",96,221,"CONSULADOS","VENEZUELA",NA,NA
"920",11215,"VIERNES EL AMPARO - CONSULADO",4,8,"CONSULADOS","VENEZUELA",NA,NA
"921",11216,"VIERNES MACHIQUES - CONSULADO",30,311,"CONSULADOS","VENEZUELA",NA,NA
"922",11217,"VIERNES MARACAIBO - CONSULADO",76,284,"CONSULADOS","VENEZUELA",NA,NA
"923",11218,"VIERNES MERIDA - CONSULADO",25,53,"CONSULADOS","VENEZUELA",NA,NA
"924",11219,"VIERNES PUERTO AYACUCHO - CONSULADO",10,48,"CONSULADOS","VENEZUELA",NA,NA
"925",11220,"VIERNES PUERTO LA CRUZ - CONSULADO",8,11,"CONSULADOS","VENEZUELA",NA,NA
"926",11221,"VIERNES PUERTO ORDAZ - CONSULADO",14,23,"CONSULADOS","VENEZUELA",NA,NA
"927",11222,"VIERNES SAN ANTONIO DEL TACHIRA - CONSUL",32,160,"CONSULADOS","VENEZUELA",NA,NA
"928",11223,"VIERNES SAN CARLOS DEL ZULIA - CONSULADO",23,145,"CONSULADOS","VENEZUELA",NA,NA
"929",11224,"VIERNES SAN CRISTOBAL - CONSULADO",64,503,"CONSULADOS","VENEZUELA",NA,NA
"930",11225,"VIERNES SAN FERNANDO DE ATABAPO - CONSUL",5,37,"CONSULADOS","VENEZUELA",NA,NA
"931",11226,"VIERNES VALENCIA - CONSULADO",50,206,"CONSULADOS","VENEZUELA",NA,NA
